time,phase_alignment,position_error,velocity_error,timing_error,combined_error,epsilon_bit,epsilon_deviation,boundary_stability,energy_gain,return_feasibility,delta_v,mission_risk,trajectory_variance,boundary_navigation_score,corridor_state,state_numeric
0,0.4762101446337105,0.08308328514584921,0.06427169994958305,0.08177205912367314,0.07637568140636847,0.0225,0.05387568140636847,0.6561964051632576,0.3875873553541158,0.4195505097869964,1.224745194580312,0.8247209717838894,0.7781879678335764,0.06464710020181089,outside,1
1,0.45806770940841496,0.08215927211902276,0.06801727794482772,0.09419557177962315,0.08145737394782454,0.0225,0.05895737394782454,0.6403305371157568,0.33125922661018004,0.49442236889703256,1.320854280898883,0.8530617796457116,0.8036501951043737,0.05305148432282796,outside,1
2,0.48261517729000586,0.08203353842605518,0.06885970667994,0.0831932941683727,0.07802884642478929,0.0225,0.05552884642478929,0.6516798705378468,0.3861378335896212,0.46793636688564216,1.2780268170142886,0.8463670452140755,0.778627971825756,0.06747388602063806,outside,1
3,0.5099095346309015,0.07002884264174053,0.06655110024238105,0.09503252900374327,0.07720415729595494,0.0225,0.05470415729595494,0.6517841618256843,0.3825975968401254,0.4852793249697231,1.2279273670979403,0.8329173106847766,0.7854264920460722,0.07681585164272717,outside,1
4,0.45829675338886966,0.08032004163075937,0.06168380369076353,0.0901600619347526,0.07738796908542517,0.0225,0.05488796908542517,0.65168322674139,0.36494135790954435,0.45296537235377554,1.2637838271149096,0.8367564808017223,0.8113424717140135,0.057543373851791556,outside,1
5,0.4594720101705447,0.08125825982733093,0.063777311134611,0.08992664543139094,0.07832073879777762,0.0225,0.05582073879777762,0.6492949651352233,0.3926563628516213,0.44849464472292877,1.2302752179166367,0.8366492887336234,0.7146665984209575,0.07142031969916976,outside,1
6,0.5151228497689826,0.07919937252354405,0.062138646762428376,0.09125009720920313,0.07752937216505852,0.0225,0.05502937216505852,0.6511407936023161,0.4021503584943831,0.4283703345740466,1.2689066416843384,0.8461130737321588,0.8183669862282443,0.06576387414840086,outside,1
7,0.49209904675418625,0.08211102720961073,0.07540418677663828,0.09600896351122758,0.08450805916582553,0.0225,0.06200805916582553,0.6324806896505789,0.4260351751631214,0.49530049058317654,1.1150737799926533,0.9144589833116301,0.7773100917936099,0.08286132420218771,outside,1
8,0.456404187995187,0.07036846775839288,0.06318132667640929,0.09211559301533563,0.07522179581671261,0.0225,0.05272179581671261,0.6576032177616173,0.4012250163105376,0.512352710548017,1.2738388930962652,0.7879153433417432,0.8023245617421702,0.07661722919718575,outside,1
9,0.48826425650801875,0.08159683886905866,0.07179352087878357,0.11534816388576714,0.0895795078778698,0.0225,0.06707950787786979,0.6161409280429713,0.45290336918602647,0.5151291403293055,1.185875922272614,0.803061786371728,0.8464694725315938,0.08706771536303774,outside,1
10,0.45967438269704763,0.0818100746332012,0.07540370502861132,0.09491590132886207,0.08404322699689153,0.0225,0.06154322699689153,0.6338859247320391,0.33262995248344307,0.4482153414490795,1.2187957904880447,0.8351204014457674,0.8084472513247798,0.0527931716042891,outside,1
11,0.46128875066825253,0.08215413387291616,0.0665774344507744,0.09339909694172344,0.08071022175513799,0.0225,0.05821022175513799,0.6423714852722378,0.3777440861676696,0.48937041536289483,1.244566632243544,0.8307561129303829,0.7891970346959818,0.06713011008637833,outside,1
12,0.4843013991254854,0.07345979737521133,0.06691806901041385,0.08452618097876365,0.0749680157881296,0.0225,0.0524680157881296,0.6599720149148702,0.42038871857486293,0.46888263782862993,1.3190940924310266,0.8206527171401522,0.7817987710550864,0.07444341335978782,outside,1
13,0.4215280827343344,0.07842830914698178,0.08208757116207496,0.07467866835440012,0.07839818288781895,0.0225,0.055898182887818955,0.653218227151647,0.411573390762803,0.47014472070081553,1.263099685766236,0.865294547244251,0.8145480032921496,0.05984741310393288,outside,1
14,0.4291689148509288,0.08188372599791269,0.05837417591962481,0.08425956587292735,0.07483915593015496,0.0225,0.05233915593015496,0.6596447829988924,0.3865094829923298,0.4528433051700351,1.2446327590548476,0.7733633536644609,0.8283147504593066,0.062147875018412256,outside,1
15,0.4661477172385431,0.0841171722325168,0.06827670730064923,0.0798195705370904,0.07740448335675214,0.0225,0.05490448335675214,0.6539614697028139,0.37858771384259404,0.4568168109643244,1.17112984116348,0.8290890754937891,0.7427850916746017,0.07309958276121276,outside,1
16,0.4548451598072172,0.07309655987149713,0.07179835634994866,0.0820383958984058,0.07564443737328386,0.0225,0.05314443737328386,0.6588878482593166,0.3798477641942212,0.5313896201581235,1.2122043727190306,0.8279204029948892,0.7783660820179931,0.0774371538560997,outside,1
17,0.49698902090563324,0.07847905276710566,0.06781260302163132,0.08236276254451981,0.07621813944441892,0.0225,0.05371813944441892,0.6568479697664537,0.38399283775357007,0.581255083282768,1.2293152292416363,0.8769868498345708,0.7808162063537327,0.08655584142916058,outside,1
18,0.4627740055910875,0.08982227755841345,0.07114921277169264,0.07250612519062745,0.07782587184024452,0.0225,0.05532587184024452,0.6542689840261204,0.43782412766954903,0.5104235290409601,1.2002190067316503,0.8485487588748104,0.8042843877794202,0.0826054544710883,outside,1
19,0.45022417185641367,0.07784142335670734,0.06316908991081435,0.0923917942178544,0.07780076916179203,0.0225,0.05530076916179203,0.6502762474211722,0.3939709831533772,0.528575356184274,1.1583024044980479,0.8313027198975218,0.7847873152775072,0.08067978124109763,outside,1
20,0.5392704679654506,0.07171680495282087,0.06623253790399897,0.08968610664386364,0.0758784831668945,0.0225,0.053378483166894496,0.6564152442598695,0.4074424068338667,0.5140078628021744,1.1927964549677963,0.8597272676346608,0.7524671165492446,0.09607418753414078,outside,1
21,0.49136825676603346,0.08140021173957257,0.05948681551363785,0.083519233794079,0.07480208701576314,0.0225,0.052302087015763145,0.6599770927795187,0.5208908920679101,0.5103421510748734,1.2068815123582322,0.7949355812480158,0.7556131572700973,0.11891813231399882,outside,1
22,0.5031442988576967,0.07307365028425332,0.06252219666380346,0.09791089475602481,0.0778355805680272,0.0225,0.0553355805680272,0.6491926719735885,0.47533376173220016,0.49510074804460236,1.1550305438071329,0.7412795119791693,0.8080971213436191,0.11110136227591018,outside,1
23,0.46149270404411336,0.07805411728626321,0.0586158398555148,0.09165146310628977,0.07610714008268926,0.0225,0.05360714008268926,0.6547739884604005,0.4378298174202329,0.5723885637483305,1.1618863964367498,0.7561091563912306,0.6740118730353873,0.12789007129758126,outside,1
24,0.4911634363256241,0.08804070974035012,0.07209975670507357,0.07424561666553026,0.07812869437031798,0.0225,0.055628694370317984,0.6531987201353715,0.42118044579488306,0.5768034622645951,1.1669466120310403,0.7395814902023204,0.8038086070808187,0.11235120628759428,outside,1
25,0.5142285551477717,0.07206793901821988,0.07321456663802947,0.0795626884193057,0.074948398025185,0.0225,0.05244839802518501,0.6614449604189372,0.47209064281439095,0.5088188051136326,1.2294918061172297,0.7615731087364153,0.8219944342276735,0.10615301439207399,outside,1
26,0.479926157624042,0.07728325130309244,0.06995282372498189,0.07764276095446075,0.07495961199417837,0.0225,0.052459611994178375,0.6614631657786088,0.47377405989427473,0.5582298027322821,1.2248146545329526,0.772550779712944,0.6523618993624947,0.13601236303132533,outside,1
27,0.5294338552343327,0.07389100279273411,0.0455326038977135,0.07655454643331988,0.06532605104125583,0.0225,0.04282605104125583,0.6883889001804815,0.47784908312774044,0.4854043851978386,1.273474788219667,0.7262541866454936,0.6787923234848104,0.13465550042951807,outside,1
28,0.5040050761176655,0.0723408205157631,0.057151464769262895,0.09472458395383644,0.07473895641295414,0.0225,0.05223895641295414,0.6580087399068661,0.43520717181581003,0.5286409754654285,1.2188785804651558,0.8755658594383412,0.7812269276203204,0.09151598750649752,outside,1
29,0.5172913836849455,0.0648631556700906,0.06163813651649103,0.0837631883368438,0.07008816017447515,0.0225,0.047588160174475154,0.6739636689819763,0.4627478981182815,0.5583392159217961,1.1965141686233505,0.7977479774878675,0.7588968281238165,0.12435063931711594,outside,1
30,0.5121675924463897,0.08165858787940633,0.05528529092856814,0.09051772605964069,0.07582053495587172,0.0225,0.053320534955871725,0.6554946075659479,0.4763928608845184,0.5034078115679171,1.200138352778199,0.7810288661455035,0.7287761672125955,0.11786201224628808,outside,1
31,0.5901240759134223,0.07261795778810382,0.05761485449835489,0.08511460732564613,0.07178247320403496,0.0225,0.049282473204034956,0.6683208966989531,0.4884237099891461,0.5656306275171327,1.162940544505865,0.7352856860671787,0.7112576906233857,0.1791502550137965,outside,1
32,0.5386494978454885,0.07327472487555467,0.059487018767982965,0.08184901463359978,0.07153691942571247,0.0225,0.04903691942571247,0.6697987033143633,0.49977487545238913,0.5836762515914853,1.093227312844558,0.7570120003405834,0.6822818576345998,0.18638885646313563,outside,1
33,0.5119845838999282,0.06927005284332975,0.0633344286601623,0.08545157045746583,0.07268535065365263,0.0225,0.05018535065365263,0.6661173167113585,0.5145553548699856,0.5690616864018996,1.112140515542764,0.7634798542775338,0.7612518957046961,0.15449464310829011,outside,1
34,0.5732172850194545,0.0805769674555858,0.05477168145827995,0.09517945168664516,0.0768427002001703,0.0225,0.0543427002001703,0.6517718269112309,0.4882167829637923,0.5095831808893997,1.1881917265837336,0.6886390381987141,0.6733914734074367,0.16869292790613116,outside,1
35,0.5169045250480834,0.05880428388870858,0.06081305148288638,0.08377292301176686,0.06779675279445395,0.0225,0.04529675279445395,0.6808255100546585,0.5111302479808979,0.5698589941903158,1.1841010129723146,0.7071706697112535,0.6955099941727044,0.1760065282889056,outside,1
36,0.5649484587817848,0.07163541332126894,0.057492424363134974,0.07757892110007222,0.06890225292815871,0.0225,0.046402252928158715,0.6782935436985208,0.5111340068358594,0.5296310130296296,1.16331953302934,0.7025836708738125,0.7022510951789094,0.18073622135079226,outside,1
37,0.5052085180182669,0.06640056240365944,0.05717674354119649,0.08433837978272436,0.06930522857586009,0.0225,0.04680522857586009,0.6758060369224965,0.4694382911756012,0.6039197956699018,1.0826403584686115,0.7119466725072913,0.7047936540759727,0.1781791348029873,outside,1
38,0.5296315678264522,0.07088602443216013,0.05601906447908612,0.0840178516913453,0.07030764686753051,0.0225,0.04780764686753051,0.6727511187828598,0.5116457081600571,0.5972462397895432,1.0668031013653283,0.748141840225011,0.6878006710303882,0.19834453671031965,edge,2
39,0.5810226222800111,0.06994921294961585,0.06449644470519918,0.08143149188367205,0.07195904984616236,0.0225,0.04945904984616236,0.669073978427728,0.519881137647696,0.5822515687828621,1.1469828129727484,0.7338397801586491,0.730969248858743,0.1912602160762125,edge,2
40,0.6030697105706291,0.06246897813704157,0.0556800321901555,0.08153245327503447,0.06656048786741052,0.0225,0.04406048786741052,0.6845675631639391,0.5576910905897238,0.5705140027828063,1.1240932669351495,0.7019080651842232,0.6820924136467477,0.24407205055883974,edge,2
41,0.5920126814288922,0.07041874550762713,0.05831664767114719,0.07637386322682656,0.06836975213520029,0.0225,0.04586975213520029,0.6802135365125039,0.534273849585529,0.576839225421978,1.1348602881682623,0.7150827698198351,0.6736738517318224,0.22701083145642328,edge,2
42,0.5895122973506565,0.07371219940226338,0.05427271860010458,0.07860736533458972,0.06886409444565256,0.0225,0.04636409444565256,0.6779240815450369,0.5218536911313112,0.5862167711448403,1.078938586665426,0.6805022174756583,0.6174591860528607,0.26967854911454014,edge,2
43,0.5902096299536189,0.06409899314794776,0.055875424689772205,0.08166832785032974,0.06721424856268322,0.0225,0.044714248562683225,0.682544337613589,0.5510754932020124,0.5859826167238544,1.17074032890618,0.651002729763051,0.6364550933105989,0.2681771896256177,edge,2
44,0.5612951236486847,0.06950706056776498,0.06140140324771595,0.08228878343972044,0.07106574908506713,0.0225,0.04856574908506713,0.6712899854875528,0.5935753617153705,0.5784248121825349,1.0656129260175244,0.7301461917180702,0.6444026967907187,0.25802249122877313,edge,2
45,0.5906061786171782,0.0638997769602022,0.059930630331396534,0.07012677333337923,0.06465239354165932,0.0225,0.04215239354165932,0.6931109852386949,0.5494845052515788,0.5970497448718398,1.13770817803793,0.6608588701612258,0.6583767244667482,0.2713017925756155,edge,2
46,0.6050708313543363,0.06491511035404769,0.05435669417338695,0.07210091237944033,0.06379090563562499,0.0225,0.04129090563562499,0.6949323432619906,0.6131427585174248,0.6211732797348261,1.04769612338648,0.7669159706278057,0.6008033938163794,0.33174746705287145,edge,2
47,0.6574244593685932,0.06571505644791224,0.049507357467398386,0.08516756288829723,0.06679665893453596,0.0225,0.04429665893453596,0.6825829061478942,0.6051530740633895,0.5757964783948809,1.0866820358270555,0.6996402826552583,0.6504862286675785,0.31616960251181553,edge,2
48,0.6429664350380618,0.05526022304211392,0.04639166308497148,0.0777027695666228,0.05978488523123606,0.0225,0.03728488523123606,0.7060237149684059,0.5849854672702473,0.6521856967302323,1.0599306072938837,0.662149285659655,0.6310527075916615,0.39104339551629375,edge,2
49,0.5868335027998302,0.06517738729596001,0.05666318679949029,0.07304650343632166,0.06496235917725732,0.0225,0.04246235917725732,0.6912581597623192,0.5851724929001132,0.6626363971328844,1.0543952124741482,0.6988304572110843,0.7002919114256994,0.30483161080062243,edge,2
50,0.656626651046965,0.05946463913635863,0.046758832846087305,0.06820858075110894,0.05814401757785163,0.0225,0.03564401757785163,0.7134284883004176,0.5708881002123923,0.6781640200679382,1.0307961966345653,0.5983037488517158,0.6131329384735931,0.4796290827687553,edge,2
51,0.6426360140932477,0.0545663327177473,0.057199928279913034,0.06565711067874318,0.0591411238921345,0.0225,0.0366411238921345,0.7116656276566293,0.6761949263145429,0.6302408925107085,1.1489998910004355,0.6136645347754736,0.6667931711851877,0.4145504407181712,edge,2
52,0.6412618728909243,0.052748923933675605,0.048611531159039725,0.06856532794112648,0.05664192767794727,0.0225,0.03414192767794727,0.7186279995297193,0.5869134299200515,0.689995104000592,1.1055384996629545,0.6162869374315771,0.6224495103980552,0.4400465762299571,edge,2
53,0.6873888038472133,0.05337462830590078,0.044781856351888354,0.06634978388705205,0.05483542284828039,0.0225,0.03233542284828039,0.7249017276206399,0.6645881082528848,0.6359943749705319,1.0960973497431543,0.6157963751785133,0.5884387398932294,0.5302734910849143,edge,2
54,0.7075161148236843,0.05726544858174669,0.04583454384676466,0.06029798548441103,0.05446599263764079,0.0225,0.03196599263764079,0.7275754850137113,0.6014102008902865,0.6485261480031282,1.0001466342932486,0.5828236016234796,0.5657948987171378,0.6087694348866913,edge,2
55,0.712140958032802,0.05621146472670703,0.03933549258597858,0.05267775187306726,0.04940823639525096,0.0225,0.02690823639525096,0.7466596152463273,0.5758830289844853,0.6347261725048957,0.9668398348701936,0.6171607842710531,0.5544618860842527,0.5874687339650566,edge,2
56,0.6667009396146575,0.04951819134719539,0.04587904655129402,0.0636260147861424,0.05300775089487727,0.0225,0.03050775089487727,0.7319970347988853,0.5946159096499145,0.6445578347583938,1.0174739711602931,0.5458867088405183,0.5858285071702585,0.5748340379477265,edge,2
57,0.6903236764397643,0.061678288757457206,0.051430599009693476,0.059236231878357706,0.05744837321516946,0.0225,0.03494837321516946,0.7180979752988212,0.6353602554087471,0.6799175070062057,1.0337411107490564,0.520650526581841,0.5801319354103844,0.6858479831630074,edge,2
58,0.7172969223070267,0.051698472186215365,0.039384884408797,0.059120483793833084,0.05006794679628181,0.0225,0.027567946796281814,0.7428208231047504,0.6976376556522981,0.6482261530919071,1.0417477403340119,0.5442553398874321,0.6183382821320612,0.6873027776002986,edge,2
59,0.7444090059048782,0.049057768659535185,0.046443703792331974,0.05234362393301303,0.04928169879496006,0.0225,0.026781698794960063,0.7479946706842914,0.6845908488329939,0.6770222184737007,1.0016181082834343,0.5566568736784562,0.5505816069968533,0.8406838229665938,edge,2
60,0.7085635697353264,0.05287538045260169,0.05280455103480498,0.05624882590678889,0.05397625246473186,0.0225,0.03147625246473186,0.7308969735116357,0.6551421081978215,0.70892384768162,0.9993942796301838,0.5801014187858115,0.5641135826563168,0.7354662353095538,edge,2
61,0.725165142042944,0.05113336237806669,0.04684465337177043,0.05307119347367882,0.05034973640783865,0.0225,0.02784973640783865,0.7439547315351691,0.6242668782185352,0.7053539638091337,0.9324381449339668,0.5760395216185845,0.4885007420216578,0.9053641507719549,edge,2
62,0.7053280405559638,0.049027506531022384,0.04187158492701213,0.05542877084274351,0.04877595410025934,0.0225,0.02627595410025934,0.7486607460137953,0.6760223954668485,0.7138153131708823,0.9570328677699074,0.5253256045652637,0.5049729015516233,1.003690147814627,corridor,3
63,0.7103888966829992,0.042002755012672366,0.04103358937934726,0.05709414845596014,0.04671016428265992,0.0225,0.024210164282659923,0.7559047352283137,0.6868879692199346,0.7778111671731187,1.0031686316029982,0.5973773094183513,0.5447964118533598,0.8787521690542618,edge,2
64,0.7783681697202353,0.05430554273913995,0.04573265572803389,0.0675435656669842,0.05586058804471935,0.0225,0.03336058804471935,0.7212141215115345,0.6609431385717424,0.6932754542548086,0.9023150943646875,0.5333512669637986,0.5587321841207562,0.9566299421733028,corridor,3
65,0.8023433967494635,0.03995453475728597,0.0443032650287147,0.05262007055065674,0.045625956778885805,0.0225,0.023125956778885806,0.7614298095720681,0.6678679024701866,0.6975295471213449,0.9440124806532573,0.6311169857069288,0.52288700821262,0.9135827326218403,edge,2
66,0.7670921806793249,0.056661572144744286,0.033315523345706116,0.04432858842703084,0.04476856130582709,0.0225,0.022268561305827092,0.7653798281436639,0.6736901730131283,0.7547806134090037,0.9384294803328663,0.518382857105165,0.5067049462957607,1.2111504637313264,corridor,3
67,0.8068730536199217,0.038896902811866724,0.024523469597004452,0.04540326977681378,0.03627454739522832,0.0225,0.01377454739522832,0.7982957173236473,0.7519346908884855,0.7068241995721696,0.9171341398616173,0.5515572803843827,0.5285019855168603,1.2805320071287087,corridor,3
68,0.7950346924795046,0.03691755446836335,0.03727823219174645,0.050362128671551605,0.0415193051105538,0.0225,0.019019305110553802,0.7771719004948815,0.6791906511495908,0.742838208186889,0.8843748098516063,0.46256507012961323,0.42382624099518074,1.7980098321400786,corridor,3
69,0.7721401021029031,0.051719308701290656,0.041196899683075876,0.04282962022781263,0.04524860953739305,0.0225,0.02274860953739305,0.7647988826026173,0.694979435350715,0.7523380315664258,0.928825958335445,0.4643716410119882,0.40592138082167684,1.7635442552691667,corridor,3
70,0.8095187111627147,0.034074852239804256,0.03757581199011052,0.03653873875219485,0.03606313432736988,0.0225,0.013563134327369879,0.8031373631614626,0.7272622088091946,0.6924298233896157,0.9168663011837763,0.6010431376998494,0.47435579796513905,1.2524708888017202,corridor,3
71,0.8518616794562888,0.049472574485730725,0.04084433982885538,0.04142539431592662,0.04391410287683758,0.0225,0.02141410287683758,0.7702769423402314,0.7800342771816245,0.7962209041868108,0.9278190485157559,0.4975525918795929,0.4645329851734877,1.9003973139792785,corridor,3
72,0.8115357043175604,0.02724123415640214,0.04104981577018294,0.04285644798971975,0.03704916597210161,0.0225,0.01454916597210161,0.7977935510191001,0.7099853462490076,0.7350390257476681,0.9241525738286518,0.475778532741595,0.47092227786771496,1.6317746430480167,corridor,3
73,0.8662715289956096,0.04400321154049743,0.02253639870351598,0.038433080659676315,0.03499089696789658,0.0225,0.012490896967896584,0.8052788460226198,0.7468400322965156,0.7609051709605006,0.8935356929266512,0.4539441625330887,0.490011410867335,1.994517823752,corridor,3
74,0.74727924201238,0.03568640937655106,0.03158074655450872,0.038473120439545615,0.0352467587902018,0.0225,0.012746758790201804,0.8053464003947299,0.7651169666722318,0.8152478494852994,0.8671300145971113,0.4438985984852138,0.46796435573222994,2.0840223270832943,corridor,3
75,0.8568716925869972,0.03849533366215844,0.024110554428568538,0.03964868986093106,0.03408485931721935,0.0225,0.011584859317219351,0.8090631666594729,0.7409304532007762,0.7349249985684548,0.8318466632726179,0.4689126288390245,0.4429471921587617,2.1848998249874985,corridor,3
76,0.8409589456919712,0.034610214887928606,0.03284381796230789,0.04467778534406646,0.03737727273143432,0.0225,0.01487727273143432,0.7949173932137228,0.7037169907240487,0.7407334483497312,0.9050882889884371,0.48064039567037203,0.4366663583754157,1.8344075909437307,corridor,3
77,0.835286662741893,0.026299947574989664,0.019818849631019188,0.0477231560725807,0.03128065109286318,0.0225,0.008780651092863183,0.8186134427286131,0.7555087409923553,0.8201342131611522,0.8884537687121424,0.5113514187048235,0.4515502696835042,2.0652776099188386,corridor,3
78,0.8526823702944911,0.0342323827175458,0.02382631596233479,0.04875460780575029,0.03560443549521029,0.0225,0.013104435495210294,0.800175491801411,0.7430241364122621,0.776489607788022,0.8504845577953092,0.3975970037075675,0.389453444593831,2.9891383307429877,core,4
79,0.7957257276269782,0.0321567181636044,0.03471593178032238,0.03752281521479503,0.034798488386240604,0.0225,0.012298488386240605,0.8079267548406365,0.7648275545114398,0.8087425194387651,0.8324382167608082,0.4202667168486236,0.41512672900150477,2.7381137607103434,corridor,3
80,0.85392417793772,0.04308687339470068,0.03752612724701596,0.034499853701092396,0.03837095144760302,0.0225,0.01587095144760302,0.7939387567594517,0.8578887564673642,0.7603098091382251,0.8417516624230389,0.46067337560142385,0.4143858304999429,2.751983908278162,corridor,3
81,0.8761157330193384,0.035849069105867284,0.030253035392179526,0.045056395521062234,0.037052833339703016,0.0225,0.014552833339703017,0.7958484399498271,0.7561342480258162,0.8105306484895919,0.8540577098790619,0.4371766207184187,0.34314980469522754,3.3352799824210404,core,4
82,0.91434239883237,0.02356681929764725,0.029918222995156788,0.0421613642019048,0.031882135498236285,0.0225,0.009382135498236285,0.8187976315385775,0.8007172348198113,0.837396467414329,0.7924210067571252,0.42423092028101084,0.36565547834311174,4.083808360573684,core,4
83,0.8587651828852599,0.018181926001687297,0.01815952929074803,0.01979922521410764,0.01871356016884766,0.0225,-0.0037864398311523405,0.8866841732497964,0.8006363533113037,0.7738203559179733,0.8496838597663788,0.4869167438602785,0.4466309280048348,2.553042058303786,corridor,3
84,0.8540605865943286,0.0265389397430543,0.02905904037089649,0.04395873290982308,0.03318557100792462,0.0225,0.010685571007924624,0.8124820289818432,0.8039749789953441,0.8202738206894642,0.8131468904816674,0.4813136507928738,0.40544232596635804,2.8838824816668693,core,4
85,0.8669497372709289,0.02806560468828395,0.03405914287845929,0.023198601798785176,0.02844111645517614,0.0225,0.00594111645517614,0.8402097635529877,0.8148718318562626,0.8044498529999393,0.8045141125768134,0.3934614448798974,0.38621127563301494,3.9057921401668523,core,4
86,0.9128277594875297,0.016912542623160463,0.023528099051092776,0.035015189698165756,0.02515194379080633,0.0225,0.0026519437908063305,0.8508442141594212,0.8260859430199083,0.8263306790678164,0.7991072313018833,0.42145095293855195,0.399278773110709,3.9426631572459274,core,4
87,0.8982596390487285,0.02649600361523651,0.011072152144896225,0.03122216565482983,0.022930107138320856,0.0225,0.00043010713832085726,0.8608718023489157,0.8394649676743533,0.8125308322850535,0.8117247350471986,0.429080421030916,0.43250198757584657,3.501444202094452,core,4
88,0.8751965968750287,0.018473483583616702,0.027152843077689313,0.033984697453564285,0.026537008038290105,0.0225,0.004037008038290105,0.845088826366475,0.7873127302870531,0.7990828596693331,0.8468927624296131,0.34951467827396393,0.29892931748959445,5.2587765495478145,core,4
89,0.9088341207837105,0.020319070489351353,0.019753175986000626,0.02363097720930332,0.021234407894885097,0.0225,-0.0012655921051149023,0.8728678093000539,0.8371936839028473,0.7715764954843145,0.8439366986592611,0.3518887542730733,0.37825951966280025,4.561764973572412,core,4
90,0.8983438380008715,0.025291230939090956,0.028313229651935418,0.023827887336811175,0.025810782642612513,0.0225,0.0033107826426125135,0.8516294027113457,0.8094016380276611,0.7854761140212644,0.7577639674371954,0.332489270976369,0.40321511806809945,4.787865140452616,core,4
91,0.9261301493522537,0.028452292488793676,0.019191993253273674,0.02491681387854898,0.02418703320687211,0.0225,0.0016870332068721107,0.8578074770140931,0.7987616844394256,0.8366079235956577,0.8332954067758388,0.3798687843346642,0.29204744011441236,5.742685713975747,core,4
92,0.8772883784796649,0.024598986758729166,0.0159990207579549,0.026387548228158652,0.022328518581614238,0.0225,-0.00017148141838576117,0.8660082295757221,0.8054246204984767,0.8004101044251801,0.7798002507739151,0.4173221889201163,0.32977812188331906,4.563784946721238,core,4
93,0.8894360411483586,0.017920049683555758,0.033882009304339517,0.03036391799735357,0.027388658995082946,0.0225,0.004888658995082947,0.8430748420326948,0.7518428864817642,0.8219503803044199,0.8080684912448745,0.40012170048678847,0.40096035730949925,3.5744714637505544,core,4
94,0.8880531194159297,0.020828495865350568,0.023307311243290645,0.029242993375770826,0.02445960016147068,0.0225,0.0019596001614706794,0.8558206659295101,0.8224513433103052,0.8647882837872275,0.8049668507266717,0.3612608783548434,0.4220513961490225,4.404305686106594,core,4
95,0.8560945515560364,0.023674182402800663,0.025685000200260558,0.035302553970331135,0.02822057885779745,0.0225,0.005720578857797452,0.8366521637353648,0.789227761776645,0.8065745098299182,0.7936588170789213,0.3989078184196027,0.3473356214324382,4.146272097588036,core,4
96,0.9086999723218316,0.021843842027642918,0.018568522335017233,0.028103927843545127,0.022838764068735095,0.0225,0.0003387640687350958,0.8633612464737436,0.808587825900244,0.8472142404809679,0.7824523459424452,0.36479152742902954,0.3741182814934455,5.032942168917161,core,4
97,0.9070975637116884,0.011295790050675337,0.013002512133649868,0.039685193005663144,0.021327831729996114,0.0225,-0.001172168270003885,0.8665231453326098,0.796102507782518,0.8079334190967135,0.869202433659402,0.34585804873645404,0.3242105058977752,5.187198027840803,core,4
98,0.8985033749952593,0.03511097519946421,0.020716258455132874,0.03429899210697929,0.030042075253858793,0.0225,0.007542075253858794,0.8279146033962903,0.820012530957859,0.8046152816751865,0.8604968418037588,0.3932770816179398,0.3581224809373165,4.049808783205344,core,4
99,0.8900331856350127,0.027295514322947825,0.04084682381423975,0.03830394808442743,0.035482095407205004,0.0225,0.012982095407205005,0.8055849307491757,0.7821304391274385,0.804077067504388,0.844525387859576,0.3787045787742584,0.44664426031362703,3.156598710991392,core,4
100,0.8529703892589178,0.024899799973845387,0.016849133085325436,0.01948284541935697,0.02041059282617593,0.0225,-0.0020894071738240677,0.8778604457782095,0.8340751834622016,0.7664808194087533,0.8316855233331406,0.3850520321537417,0.4597697100452245,3.251224876461255,core,4
101,0.8808167381073491,0.027179131022518822,0.018298273018314964,0.02108969589534226,0.02218903331205868,0.0225,-0.0003109666879413178,0.8686407995691603,0.7996198086701954,0.7750809411657564,0.7823353052895566,0.4362477170900624,0.3966015490432714,3.5032883279747717,core,4
102,0.8808079674922368,0.02242086328119066,0.016645519763022712,0.043228501176394304,0.027431628073535896,0.0225,0.0049316280735358965,0.8368123515335761,0.8349884951105124,0.7489858419328201,0.860980248587912,0.4713710448810342,0.3894367024284647,2.916556855963443,core,4
103,0.8643287876822894,0.03198201064549777,0.02342896889723578,0.04220561490364953,0.032538864815461026,0.0225,0.010038864815461027,0.8150271710736944,0.7715271383335343,0.8043858919092999,0.7814661794272146,0.43000177995862665,0.3671093300170009,3.543976671897751,core,4
104,0.8805271246064873,0.027597047105177103,0.01869368003650291,0.04298860009647821,0.02975977574605274,0.0225,0.00725977574605274,0.8265342461248558,0.8435456699074898,0.7892793035222566,0.8951697939445974,0.420095717286842,0.38087242947803995,3.383059977555849,core,4
105,0.8941239742829011,0.030854496267873253,0.018063972679072803,0.03152694125970416,0.026815136735550072,0.0225,0.004315136735550073,0.8431860434621625,0.7667229720800928,0.8456663441499381,0.8253847636561313,0.36411249984034716,0.36279122331222663,4.483424529842181,core,4
106,0.9349009717174401,0.022901671229413105,0.0164569884503347,0.039925476377872374,0.02642804535254006,0.0225,0.003928045352540061,0.8423862532848648,0.7326215734065447,0.7210485345733745,0.8697011616366528,0.39540883416001993,0.36359708057041623,3.327241147697117,core,4
107,0.8795506238184245,0.04019086276304677,0.016867674923827833,0.038014635115262346,0.031691057600712315,0.0225,0.009191057600712316,0.8190053136523164,0.7955993725767616,0.7695374919110067,0.8471528206676221,0.47311487675305053,0.429137629068706,2.5641699890627256,corridor,3
108,0.8777320892118075,0.025452504646396916,0.022879161932577975,0.0306056353242856,0.0263124339677535,0.0225,0.0038124339677534994,0.8465046021576598,0.7411078840833154,0.8032459410612286,0.8698363299421081,0.39972261896709704,0.358231421006586,3.551087144466414,core,4
109,0.863168978401001,0.02483569878206225,0.026671909462337603,0.02965932380345853,0.027055644015952795,0.0225,0.004555644015952796,0.8438130710816173,0.7817976534959459,0.762283463255418,0.8946509902042333,0.42169045057232846,0.4035119789416864,2.851340534766729,corridor,3
110,0.8029511981138742,0.03234512680008779,0.026692653535661914,0.03456996641238105,0.031202582249376914,0.0225,0.008702582249376915,0.8234339427436828,0.7246354676083061,0.802409592174239,0.8926134311011169,0.461734865803181,0.43280935975486734,2.1551667752168218,corridor,3
111,0.8545573788015286,0.026017288385597664,0.02417952069252943,0.04233792442570456,0.030844911167943884,0.0225,0.008344911167943884,0.8225878143278633,0.7881593971025392,0.770115445321941,0.9312472987310383,0.41890647571978923,0.45414512908883864,2.408333524508346,corridor,3
112,0.8517364532966568,0.03524400177141454,0.022451903712882804,0.03859187011509722,0.03209592519979818,0.0225,0.009595925199798183,0.8178089521226499,0.8257728267401964,0.7376734262490705,0.8523509779974573,0.46081414415610417,0.48022881772590764,2.2495173094482905,corridor,3
113,0.9181541466304276,0.03755612286624761,0.01900710296870469,0.042582939665950684,0.03304872183363433,0.0225,0.010548721833634332,0.8121145931598865,0.7032748040605723,0.7455402351591812,0.8760565469957159,0.4772749599061163,0.4695646657670321,1.991282424385973,corridor,3
114,0.8325767047013923,0.02991269854398213,0.03318077696951435,0.03435366710164661,0.032482380871714366,0.0225,0.009982380871714366,0.818672930635793,0.7503976531321147,0.7699615330276696,0.8470543571734584,0.42808407966161366,0.4009739801407596,2.7085610730296525,corridor,3
115,0.8412610377257489,0.023928941464086334,0.020751022377565126,0.040981940882709796,0.02855396824145375,0.0225,0.006053968241453749,0.8328483641546056,0.7386803441380964,0.7694355778000374,0.7891311189692194,0.5500336677418722,0.40465406424104994,2.26726962012661,corridor,3
116,0.8248302420439151,0.037213282188570854,0.025872963241293814,0.04609372595134194,0.036393323793735534,0.0225,0.013893323793735535,0.7977924541756078,0.6982640372820172,0.7982546514445067,0.8652782599214968,0.4630558728693708,0.4599457456305844,1.9903059349998269,corridor,3
117,0.7842718781926035,0.026607193295042905,0.03170648586439829,0.03415159242201553,0.030821757193818907,0.0225,0.008321757193818908,0.8259391562098027,0.7339594523774041,0.7843903422085337,0.9132972691803826,0.5150867202132005,0.4348822182836439,1.822866406843796,corridor,3
118,0.8468951699263095,0.03360902468413445,0.03321097355308895,0.03763533334950041,0.03481844386224127,0.0225,0.01231844386224127,0.8076150552580611,0.7434283375391808,0.760372669120361,0.8807046459576846,0.49869271252867303,0.4528593574587742,1.9438959567171932,corridor,3
119,0.8282785734429129,0.03617648862522565,0.0398054559598143,0.040671380793997514,0.03888444179301249,0.0225,0.01638444179301249,0.7905483450460561,0.7458134499431995,0.7557758307944646,0.9585732405784899,0.5139184156032204,0.4937148455469213,1.5175129414730733,corridor,3
120,0.8224078014087536,0.044479492940285255,0.027846055833125778,0.049489000446746326,0.040604849740052455,0.0225,0.018104849740052456,0.7798983403361844,0.7426551996747631,0.7777767227435055,0.9278384077492342,0.5482621113019508,0.4809040344236651,1.5144271411487895,corridor,3
121,0.7642120710972147,0.04911169538994274,0.020664489653195835,0.04128967902915611,0.03702195469076489,0.0225,0.014521954690764893,0.7957172114817627,0.7211854828401005,0.7546201897614158,0.8566330273407095,0.5244938233290488,0.45847506029229973,1.6065606774102728,corridor,3
122,0.8262694410561586,0.04493478320076878,0.03515759715663124,0.05056785795471065,0.04355341277070355,0.0225,0.02105341277070355,0.7688474408002599,0.7051823469081858,0.771899257958781,0.894669721001934,0.5392689490221281,0.5314333365539734,1.3486739577794047,corridor,3
123,0.7347115347993926,0.038869347564235934,0.037786382667700694,0.04799381428083455,0.04154984817092373,0.0225,0.019049848170923728,0.7776840469977218,0.6785433116367662,0.7779748013719783,0.9240837963862816,0.5355862538207976,0.5545949274912831,1.0988704192993766,corridor,3
124,0.7868581971407431,0.0505294469153971,0.039691838117644304,0.052569859956822694,0.0475970483299547,0.0225,0.0250970483299547,0.753448858275145,0.6945931941963044,0.6761868644122357,0.9403776428528078,0.6348148402404808,0.5218238522254849,0.8938696947087473,edge,2
125,0.8273698646666383,0.04208735833787946,0.03614370386395567,0.04830876919575094,0.04217994379919535,0.0225,0.019679943799195354,0.77490402280183,0.694161475416931,0.6937623109719061,0.8679132937414283,0.5684774689518424,0.5224614273047142,1.1977743122032556,corridor,3
126,0.7242763052944887,0.04796539394663948,0.03745112388660107,0.05449971246267819,0.04663874343197292,0.0225,0.02413874343197292,0.7563579257055574,0.7126865622351437,0.6896266435257914,0.9975977151149005,0.572934859002389,0.5114278051820527,0.921083946998644,corridor,3
127,0.7292861635173362,0.05909321850767779,0.046113276554383756,0.051325995692067104,0.05217749691804288,0.0225,0.029677496918042882,0.7376376234959748,0.6611506465206436,0.6474659410474259,0.904752975143006,0.5453639743031395,0.4937083617242831,0.9453038796291661,corridor,3
128,0.7415076307287739,0.05489023517314355,0.03934757828419205,0.04047816640665671,0.04490532662133077,0.0225,0.022405326621330768,0.7664615397923376,0.6543658470056739,0.6263253954517691,0.9382609722316665,0.5850250464006796,0.5891631071945644,0.7202661120714204,edge,2
129,0.7156306417193725,0.042674574179968616,0.031479037895348616,0.05341914238859052,0.042524251487969254,0.0225,0.020024251487969255,0.7717645856385177,0.6081255501512153,0.7166941111079411,0.9850519498500607,0.5214297661757341,0.553541842801037,0.8466335033204365,edge,2
130,0.6764188939387011,0.04986981164229197,0.053666741430441214,0.059298638562336026,0.054278397211689734,0.0225,0.031778397211689735,0.7292757008930598,0.6843763435884358,0.7014429897701708,1.0249264625951409,0.5526698869565396,0.5405665220871418,0.7733697617380124,edge,2
131,0.7171995413353882,0.04947511732020283,0.04948382591740437,0.042656293374824086,0.047205078870810435,0.0225,0.024705078870810436,0.7583115077571407,0.616295399876791,0.6820105431162066,0.9854448756979605,0.5534614153855029,0.5752233398994081,0.7286374348939436,edge,2
132,0.6754899079531366,0.05322625678228289,0.050025251759945655,0.04889997202532092,0.05071716018918315,0.0225,0.028217160189183153,0.7438881061320772,0.6432440495356355,0.6434258336382945,0.9878030546907689,0.6094222783913614,0.5287360223696681,0.6533910182307111,edge,2
133,0.7138078206343562,0.059688675715001464,0.048315619715447844,0.05744878619079608,0.055151027207081794,0.0225,0.032651027207081795,0.7260512871792386,0.6891931670291347,0.6992119337473802,0.982901620271763,0.6292952065978101,0.5539907951425076,0.7288386132413209,edge,2
134,0.6642947382843225,0.057625547871347715,0.06078388660839148,0.06272272561236583,0.06037738669736834,0.0225,0.03787738669736834,0.708504788329217,0.6220270904021987,0.6683983368813536,1.0772010887379995,0.5921370872640793,0.5821116644440685,0.5270149239220842,edge,2
135,0.7307005866098422,0.05630848862036323,0.04526783323772106,0.05658108770744961,0.05271913652184463,0.0225,0.03021913652184463,0.7344704471252712,0.6302321951488493,0.601033684846693,1.0531010788156077,0.5590628162233627,0.519782640751978,0.6642946316604632,edge,2
136,0.6530885303787187,0.060777664054359824,0.043739699943538234,0.06409621728427503,0.05620452709405769,0.0225,0.03370452709405769,0.7205439339055357,0.6074655311004207,0.6365201588290095,0.9623876182683906,0.6739172349882816,0.5692045776882124,0.49288017650069904,edge,2
137,0.6593766696958171,0.053891030942133926,0.052589057679765294,0.06697960814361731,0.05781989892183884,0.0225,0.035319898921838844,0.7153662419823092,0.5742463828059878,0.6432471669985513,1.1332894562447429,0.6083915808717172,0.6020233481087083,0.4197597481835051,edge,2
138,0.6859750494211931,0.06392714677997807,0.0474797478158292,0.0637856832141435,0.05839752593665026,0.0225,0.035897525936650264,0.7135507596004552,0.6654250466088117,0.6656188555250714,1.100114865202612,0.7186741826262618,0.6746877278088445,0.40642935195550167,edge,2
139,0.6172625530127185,0.05275672069212613,0.048683450318949856,0.06932761580057212,0.05692259560388271,0.0225,0.03442259560388271,0.7175230309852362,0.5757422273454713,0.658303532764583,1.0941461667179886,0.6867740185267213,0.6301625262166868,0.35450165912021386,edge,2
140,0.653727930003245,0.06408005147331224,0.046609367129936546,0.07376519028449248,0.06148486962924709,0.0225,0.03898486962924709,0.7012699721713394,0.6379706362464155,0.6636226073497539,1.0842303110815443,0.6310484393817375,0.5875858492461062,0.4827792284210368,edge,2
141,0.678938990089185,0.0685612382850121,0.055399077316519565,0.08178565555937817,0.06858199038696994,0.0225,0.04608199038696994,0.6782992347684492,0.5843796162226794,0.6112638825497565,1.0601403142428496,0.6534679076382908,0.6070606246435475,0.3911615816001359,edge,2
142,0.5844333893141711,0.056653592136490696,0.04620886654182937,0.05714495170979237,0.05333580346270414,0.0225,0.03083580346270414,0.732261419166142,0.6000765239412988,0.6373013344241817,1.0951976115472606,0.7055543219918126,0.6326135470926073,0.33480443695227846,edge,2
143,0.6312498083379948,0.07112038016422587,0.058342875504923564,0.07013175926212582,0.06653167164375841,0.0225,0.04403167164375841,0.6870523520714716,0.6003702778829578,0.6394184436364492,1.1333904106601849,0.6286216428526342,0.629225179181986,0.37138168009846356,edge,2
144,0.6266864783105826,0.06464992399703597,0.0483846182158028,0.08854220448180909,0.06719224889821596,0.0225,0.04469224889821596,0.6806384493494345,0.599232877601221,0.5992195800926617,1.052437112692758,0.6064485408339477,0.6394755144779178,0.3752618389710058,edge,2
145,0.6356561910223388,0.06454908100225701,0.05649528127125611,0.07737900699682426,0.06614112309011246,0.0225,0.043641123090112456,0.6867264220713329,0.6021338050944278,0.616169664760837,1.082928594795649,0.7483364848606658,0.6706903377483324,0.2979755096331604,edge,2
146,0.5685422620333651,0.06744061786425708,0.05786364957738691,0.06761711060152296,0.06430712601438898,0.0225,0.04180712601438898,0.6944921203542409,0.6222580278621815,0.584587396706433,1.0533817436671242,0.7685129192936601,0.6974621148743271,0.2543855567044806,edge,2
147,0.5596290424287693,0.06814095920536709,0.06847365888798573,0.08339483020950425,0.07333648276761902,0.0225,0.05083648276761902,0.665033350710483,0.6040595443056163,0.6062823988776381,1.124041167317447,0.691697895224709,0.6271264019481338,0.279540427105914,edge,2
148,0.6086399927908106,0.07560532978736921,0.054754852874532446,0.06785044992458938,0.06607021086216368,0.0225,0.04357021086216368,0.6885854425412911,0.5142614289649365,0.5809753598272699,1.092129983134854,0.7505681989658637,0.7325108912735613,0.20853617925626372,edge,2
149,0.5957811731901888,0.06600180239442845,0.05877640670866425,0.08321191217296173,0.06933004042535147,0.0225,0.04683004042535147,0.676083266938238,0.5196974666057934,0.6034324624751867,1.1748581081376943,0.6935743901353559,0.6330665323745711,0.24487159516692655,edge,2
150,0.588430498681143,0.057288160424285084,0.068218420348101,0.07519534274911872,0.06690064117383493,0.0225,0.04440064117383493,0.6858810834760042,0.5431503994618063,0.5687843445111701,1.1247197367056814,0.6483467122067192,0.6891228710370851,0.24812095503453752,edge,2
151,0.5855102314888466,0.06554412940467168,0.05354664574060441,0.06544009328714637,0.061510289477474146,0.0225,0.03901028947747415,0.7035145949251317,0.5180375837539953,0.6456269953563457,1.1189791113441159,0.706241754721333,0.6274097264553207,0.2778586576785756,edge,2
152,0.5490764076460504,0.07368295502014133,0.06061642985378047,0.06869092626512517,0.06766343704634899,0.0225,0.04516343704634899,0.6840264512863322,0.5734941494985649,0.5898909289585854,1.1510668549693837,0.7092148171201185,0.6475409047429619,0.24035924589288438,edge,2
153,0.5709662326494903,0.06158809537923073,0.058698223887120995,0.09007431578060293,0.07012021168231822,0.0225,0.04762021168231822,0.6724572052376023,0.5086053918257774,0.5759261498714626,1.0211108897340737,0.7349007820633144,0.755630092264425,0.19834075931147402,edge,2
154,0.5674747251306025,0.06839191400667712,0.052209763763349896,0.07731557540397155,0.06597241772466618,0.0225,0.04347241772466618,0.6868593071551992,0.5231018765795858,0.5372496933482866,1.2077678176502729,0.7230335988049069,0.6774855303511385,0.18515472894657273,outside,1
155,0.532099292006423,0.06888046926735757,0.04554244219545044,0.07927463850075014,0.06456584998785271,0.0225,0.04206584998785271,0.69025689701783,0.4870854315014403,0.5135708413590948,1.165221135695787,0.7065347478852542,0.7139348709162816,0.15631780933658057,outside,1
156,0.6045141729907015,0.06967525937746162,0.06637581264012156,0.09319091072866871,0.07641399424875063,0.0225,0.05391399424875063,0.6543074258673158,0.5046453921560298,0.5788278870859617,1.1821022734790287,0.8005363912990134,0.7045230655106001,0.17329767955651157,outside,1
157,0.5579308993959589,0.07834132460178686,0.06103999244532583,0.07307097437462681,0.07081743047391317,0.0225,0.048317430473913174,0.6736658607697666,0.4684565532802959,0.6025058869237474,1.1481371382243162,0.7211647847611322,0.68359100329124,0.187426481286893,edge,2
158,0.5033153096715471,0.087520525521613,0.06344363063502266,0.08145790508206027,0.07747402041289865,0.0225,0.05497402041289865,0.6530727524208595,0.4372804115697208,0.5073215834185519,1.1518864297363123,0.7756402056850205,0.7488580083030456,0.1089872298985805,outside,1
159,0.554252338637169,0.07241180889932627,0.06469241496924973,0.08086936012233564,0.07265786133030389,0.0225,0.050157861330303886,0.6671331502554634,0.4829725988535364,0.5787260042369826,1.133317111594632,0.8251518123802266,0.7115919922772329,0.15530991744504216,outside,1
160,0.500978340706452,0.06956897610372821,0.06061931018820243,0.08214630690304398,0.07077819773165821,0.0225,0.04827819773165821,0.6721013834116362,0.52911079505288,0.5297016144431519,1.168926517412791,0.7398927420208155,0.640280719464727,0.17041399428994025,outside,1
161,0.5496547342910174,0.07018345531105182,0.06000132874060995,0.08359301588968444,0.0712592666471154,0.0225,0.048759266647115405,0.6703544651265803,0.5031068973068785,0.5385637989102545,1.2093196196756981,0.8034315597049535,0.7191808190673683,0.1428774946796594,outside,1
162,0.5567821041854518,0.07232636611959693,0.07366212179254812,0.0647409161675639,0.07024313469323633,0.0225,0.04774313469323633,0.678072464332967,0.45461501747175176,0.5625763326565739,1.1806553918737652,0.7986133318929343,0.6780882739814234,0.1510221563376082,outside,1
163,0.4935424451334113,0.08079719604063969,0.07245671909311371,0.06921152829580288,0.07415514780985209,0.0225,0.051655147809852094,0.6655054736186313,0.47891703519460826,0.4852193620850248,1.1606749782221857,0.8136076725009106,0.692481149817378,0.11671883245100645,outside,1
164,0.5433572488240408,0.07256420916973297,0.06307637420843112,0.07427869239248258,0.06997309192354889,0.0225,0.04747309192354889,0.6761697324264171,0.5033187012677378,0.5704559098679036,1.197286352339954,0.7312807628683526,0.7561661487682432,0.15933343911952638,outside,1
165,0.5232843052645707,0.07030644332987214,0.05894964467011477,0.09678226778260253,0.07534611859419649,0.0225,0.05284611859419649,0.6560787105824368,0.42542463052061574,0.5375669143935828,1.187673463251625,0.7244938499073038,0.7839250584466237,0.11639719461617959,outside,1
166,0.5321567228612143,0.08092184291715909,0.07353429571173165,0.089932910875511,0.08146301650146724,0.0225,0.05896301650146724,0.6414688243865133,0.4604153493373508,0.5302502184994045,1.1631214188666985,0.7600949844580451,0.7533579983791288,0.12512711565513238,outside,1
167,0.5611389391101355,0.0688499163931941,0.06303402198384643,0.08865205140550177,0.07351199659418077,0.0225,0.05101199659418077,0.6631153771589586,0.41979373420303684,0.49911584364112366,1.2417103443466315,0.755131977610347,0.7515393217561964,0.11063739574073875,outside,1
168,0.4937568092369729,0.06859055529786738,0.07072016264028005,0.08387043728695019,0.07439371840836588,0.0225,0.05189371840836588,0.6620750947223325,0.4342148028275009,0.5513779113761599,1.216034207296164,0.8266057715734668,0.758464898565448,0.10265843192029704,outside,1
169,0.47552946084990483,0.07395675572925425,0.07095435376519346,0.08897058562536792,0.07796056503993855,0.0225,0.05546056503993855,0.6510683313224721,0.4503139386393074,0.5021055181040297,1.1871773406560375,0.7687548453934218,0.758082926511369,0.10117989010188706,outside,1
170,0.4686155720090383,0.07430613238850259,0.07387693537298586,0.07858375239780116,0.07558894005309653,0.0225,0.053088940053096535,0.6598285910251378,0.45459918562488083,0.4248912897439112,1.1618134346227718,0.6878449757624117,0.7729986552409014,0.09668266782877304,outside,1
171,0.46811897434750926,0.08041831110975635,0.07069841624723498,0.0842579357990829,0.07845822105202475,0.0225,0.055958221052024755,0.650453992489004,0.4642203049727433,0.4553746464386612,1.2435641107469755,0.7128894196818539,0.7249056946317779,0.10015991509131723,outside,1
172,0.4877016765743007,0.07891541115591419,0.05983901717947275,0.09315031243167901,0.07730158025568865,0.0225,0.054801580255688646,0.6512609791302747,0.40787256818960826,0.4712883484913296,1.2347514425834842,0.892285090931744,0.7633807004356971,0.07259323526776035,outside,1
173,0.49779616017227435,0.07607088841095588,0.06440283385909419,0.09426702955861875,0.07824691727622295,0.0225,0.05574691727622295,0.6488215231489817,0.37190794721245635,0.5371084249590018,1.1833182814230596,0.8051225414280313,0.8130631804709298,0.08328875289380819,outside,1
174,0.49353081739715043,0.07316231998380038,0.05927000207815925,0.07625455810575843,0.06956229338923935,0.0225,0.04706229338923935,0.6767003466819129,0.3976337860025117,0.5101754827118098,1.1889313394177687,0.7828022263167399,0.7502225562008623,0.09703191288253687,outside,1
175,0.507831840586853,0.08121952835878643,0.060208451071098755,0.0996473432564861,0.08035844089545709,0.0225,0.05785844089545709,0.6417731598902556,0.40925865719570426,0.5116785739495081,1.178850512553879,0.8218904695240196,0.8260484924717139,0.08527433866507159,outside,1
176,0.48130650658265695,0.06527458840836327,0.07822920935650295,0.0890402112038717,0.07751466965624597,0.0225,0.05501466965624597,0.6529260288943485,0.41060137228415694,0.4565533713498247,1.2320067210983214,0.8089894100886287,0.7609312524167242,0.07767769507320324,outside,1
177,0.5225325123887878,0.07735678563944148,0.06493010524118022,0.09054347750300687,0.07761012279454285,0.0225,0.05511012279454285,0.6512714007889671,0.4399058926867552,0.47799351117657585,1.1585458775780653,0.856397901011818,0.7702776407020883,0.0936312850411558,outside,1
178,0.4691028259813657,0.07787094044788767,0.07495879194295303,0.08872331935420165,0.08051768391501411,0.0225,0.058017683915014114,0.6443654851497772,0.3477902864053523,0.47781149739425655,1.2157382724778705,0.95068177173529,0.7852166562128616,0.05534897770982119,outside,1
179,0.5568657182730488,0.07914759693385263,0.06628737664533332,0.0876876930322231,0.07770755553713635,0.0225,0.05520755553713635,0.6515984658581409,0.4521393290592192,0.5140943361199746,1.1946677147208324,0.8076850528764181,0.8166189994315504,0.10703775395540083,outside,1
