step,global_coherence,fragmentation,variance,avg_trust,avg_echo_integrity,quarantined_nodes,alive,edges,avg_degree,edge_efficiency,state
0,0.6009816383240708,0.3990183616759292,0.04373141128831694,0.9872833333333334,1.0,0,60,60,2.0,0.010016360638734513,ADAPTING
1,0.6613987656263998,0.33860123437360024,0.04227712863885225,0.9768125,1.0,0,60,60,2.0,0.011023312760439996,ADAPTING
2,0.7108958466148916,0.2891041533851084,0.036290018027883696,0.9710375,1.0,0,60,60,2.0,0.011848264110248193,ADAPTING
3,0.7461509185225085,0.2538490814774915,0.031124418754157775,0.96675,1.0,0,60,60,2.0,0.012435848642041808,ADAPTING
4,0.7713799479558665,0.2286200520441335,0.024081707476579197,0.9626083333333335,1.0,0,60,60,2.0,0.012856332465931108,ADAPTING
5,0.7911008443080403,0.20889915569195971,0.019305697508162276,0.9582333333333334,1.0,0,60,60,2.0,0.013185014071800671,ADAPTING
6,0.8102281647504517,0.18977183524954833,0.01582936437531853,0.9556666666666664,1.0,0,60,60,2.0,0.013503802745840862,ADAPTING
7,0.8253977406555498,0.17460225934445017,0.012569310452307332,0.9556958333333333,1.0,0,60,60,2.0,0.01375662901092583,ADAPTING
8,0.8462812564227442,0.1537187435772558,0.010852038836281441,0.9558416666666667,1.0,0,60,60,2.0,0.014104687607045736,ADAPTING
9,0.8585474537616106,0.14145254623838943,0.009396861085027993,0.9569499999999999,1.0,0,60,60,2.0,0.014309124229360176,ADAPTING
10,0.8552461695998583,0.14475383040014167,0.007810049861822922,0.9577666666666665,1.0,0,60,60,2.0,0.014254102826664306,ADAPTING
11,0.8413664273433998,0.15863357265660016,0.007434265217327924,0.9586124999999999,1.0,0,60,60,2.0,0.014022773789056664,ADAPTING
12,0.8224246074690952,0.17757539253090482,0.007125550645190821,0.9587291666666666,1.0,0,60,60,2.0,0.013707076791151586,ADAPTING
13,0.8083645012277902,0.19163549877220976,0.00716762563714479,0.9582041666666667,1.0,0,60,60,2.0,0.013472741687129837,ADAPTING
14,0.7984396503624847,0.20156034963751535,0.004974142816738923,0.9550541666666668,1.0,0,60,60,2.0,0.013307327506041411,ADAPTING
15,0.7994944354946637,0.2005055645053363,0.0030658631712835926,0.9518458333333333,1.0,0,60,60,2.0,0.013324907258244395,ADAPTING
16,0.8061738392209336,0.19382616077906645,0.00263906778352986,0.9492499999999999,1.0,0,60,60,2.0,0.013436230653682225,ADAPTING
17,0.8151493764884451,0.1848506235115549,0.003208757551180108,0.9485791666666666,1.0,0,60,60,2.0,0.013585822941474085,ADAPTING
18,0.8226651648243174,0.1773348351756826,0.0031898048777328825,0.9498625,1.0,0,60,60,2.0,0.013711086080405289,ADAPTING
19,0.8263801165720543,0.17361988342794565,0.002467085513362162,0.9510875000000001,1.0,0,60,60,2.0,0.013773001942867572,ADAPTING
20,0.82483337241469,0.17516662758531,0.0023250784104288783,0.9527208333333331,1.0,0,60,60,2.0,0.013747222873578166,ADAPTING
21,0.8192146617716707,0.18078533822832932,0.0022456488988463782,0.9535083333333333,1.0,0,60,60,2.0,0.013653577696194512,ADAPTING
22,0.8164903029529633,0.18350969704703668,0.0025213874864147413,0.9540041666666667,1.0,0,60,60,2.0,0.013608171715882722,ADAPTING
23,0.8148555016264605,0.18514449837353952,0.0032510014291353886,0.9526041666666667,1.0,0,60,60,2.0,0.013580925027107674,ADAPTING
24,0.814809718920616,0.18519028107938396,0.002670380369614309,0.9524875,1.0,0,60,60,2.0,0.013580161982010267,ADAPTING
25,0.8168487895138934,0.1831512104861066,0.0026084435304372286,0.9512333333333335,1.0,0,60,60,2.0,0.013614146491898222,ADAPTING
26,0.8128321927125992,0.1871678072874008,0.0029058535611416044,0.9510291666666667,1.0,0,60,60,2.0,0.013547203211876654,ADAPTING
27,0.8113459635215226,0.18865403647847745,0.0028293942089600214,0.9507958333333332,1.0,0,60,60,2.0,0.01352243272535871,ADAPTING
28,0.8116517778686732,0.18834822213132685,0.0026605071417879914,0.9489583333333333,1.0,0,60,60,2.0,0.013527529631144553,ADAPTING
29,0.8153233476478093,0.18467665235219066,0.002661560541551911,0.9470625,1.0,0,60,60,2.0,0.013588722460796822,ADAPTING
30,0.820994803019042,0.17900519698095796,0.002479835149828794,0.9459541666666668,1.0,0,60,60,2.0,0.013683246716984034,ADAPTING
31,0.8298879272247123,0.17011207277528773,0.0023623430827609355,0.9483750000000001,1.0,0,60,60,2.0,0.013831465453745204,ADAPTING
32,0.8387698398598263,0.16123016014017366,0.00261849200004181,0.9521083333333331,1.0,0,60,60,2.0,0.013979497330997105,ADAPTING
33,0.8416684280791795,0.15833157192082048,0.0028195641168028405,0.9552583333333333,1.0,0,60,60,2.0,0.014027807134652992,ADAPTING
34,0.8401119344288567,0.15988806557114332,0.0027523120379529197,0.9574458333333333,1.0,0,60,60,2.0,0.014001865573814278,ADAPTING
35,0.8313259152427163,0.16867408475728374,0.0028530873635338157,0.9591666666666666,1.0,0,60,60,2.0,0.013855431920711937,ADAPTING
36,0.8235268015498557,0.1764731984501443,0.003082479537563398,0.9603916666666666,1.0,0,60,60,2.0,0.013725446692497595,ADAPTING
37,0.8135125192732269,0.18648748072677312,0.003434834074691718,0.9595458333333333,1.0,0,60,60,2.0,0.013558541987887114,ADAPTING
38,0.8101174395464347,0.18988256045356533,0.0031725944824261445,0.9581750000000001,1.0,0,60,60,2.0,0.013501957325773912,ADAPTING
39,0.8140177934739516,0.18598220652604835,0.0028153550803086545,0.9570375,1.0,0,60,60,2.0,0.01356696322456586,ADAPTING
40,0.8187511917825055,0.18124880821749445,0.0033793053144961275,0.9558125000000001,1.0,0,60,60,2.0,0.013645853196375093,ADAPTING
41,0.8190941715300517,0.1809058284699483,0.003943479122829952,0.9562208333333332,1.0,0,60,60,2.0,0.013651569525500862,ADAPTING
42,0.8211265694139784,0.17887343058602156,0.003909717036599921,0.9579708333333332,1.0,0,60,60,2.0,0.013685442823566308,ADAPTING
43,0.8229396063110221,0.17706039368897786,0.003194849489561703,0.9600124999999999,1.0,0,60,60,2.0,0.013715660105183703,ADAPTING
44,0.8203851031661759,0.17961489683382414,0.0023677380442228115,0.9611500000000001,1.0,0,60,60,2.0,0.013673085052769597,ADAPTING
45,0.8162022075609668,0.18379779243903316,0.0016415861534570004,0.9614125,1.0,0,60,60,2.0,0.013603370126016114,ADAPTING
46,0.8109400811711809,0.18905991882881912,0.001988237751401408,0.9609750000000001,1.0,0,60,60,2.0,0.01351566801951968,ADAPTING
47,0.809887013304849,0.19011298669515098,0.0031215140567533955,0.9615875000000002,1.0,0,60,60,2.0,0.01349811688841415,ADAPTING
48,0.81087865193393,0.18912134806606995,0.0030928421177210032,0.9619083333333334,1.0,0,60,60,2.0,0.013514644198898834,ADAPTING
49,0.8101003744863583,0.1898996255136417,0.0023947039482275505,0.9608291666666666,1.0,0,60,60,2.0,0.013501672908105972,ADAPTING
50,0.8162272526749658,0.18377274732503424,0.00213033259939397,0.9607125,1.0,0,60,60,2.0,0.013603787544582763,ADAPTING
51,0.821255874761716,0.17874412523828398,0.002319679124458546,0.9605083333333333,1.0,0,60,60,2.0,0.013687597912695268,ADAPTING
52,0.8220937297483217,0.17790627025167827,0.0025555613928518743,0.9610041666666667,1.0,0,60,60,2.0,0.01370156216247203,ADAPTING
53,0.8211149687405054,0.17888503125949462,0.003046206701172186,0.9618208333333332,1.0,0,60,60,2.0,0.013685249479008423,ADAPTING
54,0.8225534435470753,0.17744655645292473,0.0029741703244209575,0.9621125,1.0,0,60,60,2.0,0.013709224059117921,ADAPTING
55,0.8187634880774285,0.1812365119225715,0.002715595792286536,0.9644458333333331,1.0,0,60,60,2.0,0.013646058134623808,ADAPTING
56,0.8134827604161424,0.18651723958385757,0.0031237062106167298,0.9651458333333334,1.0,0,60,60,2.0,0.013558046006935708,ADAPTING
57,0.809863662315773,0.190136337684227,0.0031225859323541524,0.9643,1.0,0,60,60,2.0,0.013497727705262884,ADAPTING
58,0.8117090559105395,0.18829094408946045,0.0030365377400602494,0.9629291666666667,1.0,0,60,60,2.0,0.01352848426517566,ADAPTING
59,0.8152859195384676,0.18471408046153237,0.0035276954479320976,0.9624333333333334,1.0,0,60,60,2.0,0.01358809865897446,ADAPTING
60,0.8163063269326212,0.18369367306737883,0.003708899989679324,0.9627833333333334,1.0,0,60,60,2.0,0.01360510544887702,ADAPTING
61,0.8166505831483837,0.18334941685161632,0.0036878332616751214,0.9630458333333334,1.0,0,60,60,2.0,0.013610843052473062,ADAPTING
62,0.81702267489057,0.18297732510943,0.0030141070549317014,0.9641541666666666,1.0,0,60,60,2.0,0.0136170445815095,ADAPTING
63,0.8188135331523081,0.1811864668476919,0.002883319764120895,0.9647375,1.0,0,60,60,2.0,0.013646892219205136,ADAPTING
64,0.8241808390598546,0.17581916094014538,0.0028548426569666567,0.9658166666666667,1.0,0,60,60,2.0,0.013736347317664243,ADAPTING
65,0.8293203509207826,0.1706796490792174,0.002492092484171753,0.9662541666666666,1.0,0,60,60,2.0,0.01382200584867971,ADAPTING
66,0.8311211399384291,0.16887886006157093,0.0026185699347095375,0.9668958333333333,1.0,0,60,60,2.0,0.013852018998973818,ADAPTING
67,0.8293948663617509,0.17060513363824914,0.0034340976194524113,0.9691125,1.0,0,60,60,2.0,0.013823247772695847,ADAPTING
68,0.8229865357955944,0.17701346420440556,0.0035627637378202004,0.9708041666666668,1.0,0,60,60,2.0,0.013716442263259907,ADAPTING
69,0.8214438841538357,0.17855611584616427,0.003148727493756576,0.9711833333333332,1.0,0,60,60,2.0,0.01369073140256393,ADAPTING
70,0.8212867739120369,0.17871322608796314,0.0030393433577652726,0.9712416666666666,1.0,0,60,60,2.0,0.013688112898533947,ADAPTING
71,0.817424502178435,0.182575497821565,0.0028799886353542445,0.9708041666666668,1.0,0,60,60,2.0,0.013623741702973917,ADAPTING
72,0.8108624286831784,0.18913757131682163,0.002809224440520231,0.9715916666666667,1.0,0,60,60,2.0,0.013514373811386307,ADAPTING
73,0.8093564379806583,0.19064356201934174,0.0026981199793536495,0.9707458333333334,1.0,0,60,60,2.0,0.013489273966344304,ADAPTING
74,0.8124402392858335,0.18755976071416647,0.0034248601691699546,0.9705416666666669,1.0,0,60,60,2.0,0.013540670654763892,ADAPTING
75,0.8214981838203642,0.17850181617963579,0.003678873076849823,0.9700458333333334,1.0,0,60,60,2.0,0.01369163639700607,ADAPTING
76,0.8266527736354811,0.17334722636451894,0.0037793867205107435,0.9711250000000001,1.0,0,60,60,2.0,0.013777546227258018,ADAPTING
77,0.8262346486287349,0.17376535137126514,0.0035347263974757834,0.9721166666666667,1.0,0,60,60,2.0,0.01377057747714558,ADAPTING
78,0.8215227780736385,0.1784772219263615,0.003094766878501159,0.9720875,1.0,0,60,60,2.0,0.013692046301227308,ADAPTING
79,0.8178595897849218,0.1821404102150782,0.0026968367864542517,0.9725541666666667,1.0,0,60,60,2.0,0.01363099316308203,ADAPTING
80,0.651246283855849,0.34875371614415096,0.049216721845644705,0.9633666666666667,1.0,0,60,60,2.0,0.010854104730930817,RECOVERING
81,0.6704502503680452,0.3295497496319548,0.04249798174203579,0.9555208333333333,1.0,0,60,60,2.0,0.01117417083946742,RECOVERING
82,0.7243206332686487,0.2756793667313513,0.030610931596654796,0.9482583333333333,1.0,0,60,60,2.0,0.012072010554477479,RECOVERING
83,0.7795695403162013,0.2204304596837987,0.024562920885014237,0.9460416666666667,1.0,0,60,60,2.0,0.012992825671936688,RECOVERING
84,0.8182085309582833,0.18179146904171672,0.021746667189644655,0.9460125000000003,1.0,0,60,60,2.0,0.01363680884930472,RECOVERING
85,0.8311239106981394,0.1688760893018606,0.018770483541057995,0.9477625000000001,1.0,0,60,60,2.0,0.013852065178302323,RECOVERING
86,0.831300634398031,0.16869936560196896,0.015785141935490368,0.9481125,1.0,0,60,60,2.0,0.013855010573300517,RECOVERING
87,0.8428298333896418,0.1571701666103582,0.01400386140750135,0.9475874999999999,1.0,0,60,60,2.0,0.014047163889827362,RECOVERING
88,0.8565645466610563,0.1434354533389437,0.010014887485878615,0.9484625,1.0,0,60,60,2.0,0.014276075777684272,RECOVERING
89,0.8754590304559892,0.12454096954401084,0.007422596928110553,0.9502124999999999,1.0,0,60,60,2.0,0.014590983840933153,RECOVERING
90,0.8948979995182657,0.10510200048173435,0.005594923508122884,0.9534791666666667,1.0,0,60,60,2.0,0.01491496665863776,RECOVERING
91,0.9157609310086182,0.08423906899138178,0.004537661527831225,0.9579125000000001,1.0,0,60,60,2.0,0.015262682183476971,RECOVERED
92,0.9097837094848082,0.09021629051519175,0.003556023687252786,0.9625791666666667,1.0,0,60,60,2.0,0.015163061824746804,RESONANCE
93,0.8798113038176243,0.12018869618237571,0.0035861207675078406,0.9662541666666667,1.0,0,60,60,2.0,0.014663521730293737,ADAPTING
94,0.8408058361374476,0.15919416386255236,0.0042769402296177605,0.9685291666666667,1.0,0,60,60,2.0,0.014013430602290794,ADAPTING
95,0.8106516397850051,0.1893483602149949,0.004561754441849982,0.9681208333333334,1.0,0,60,60,2.0,0.013510860663083418,ADAPTING
96,0.7976167137445002,0.20238328625549984,0.0043287642221845005,0.9649125000000001,1.0,0,60,60,2.0,0.013293611895741669,ADAPTING
97,0.8039878736319002,0.19601212636809984,0.0033466026212988745,0.9615000000000001,1.0,0,60,60,2.0,0.013399797893865003,ADAPTING
98,0.8235093776244015,0.17649062237559854,0.002520218294398323,0.9591666666666667,1.0,0,60,60,2.0,0.013725156293740024,ADAPTING
99,0.8420509202242614,0.15794907977573858,0.0023782341799542875,0.9608874999999999,1.0,0,60,60,2.0,0.01403418200373769,ADAPTING
100,0.8574819354211619,0.1425180645788381,0.0025971430980601252,0.96465,1.0,0,60,60,2.0,0.0142913655903527,ADAPTING
101,0.8619054305758262,0.13809456942417375,0.0021924768723219417,0.9685,1.0,0,60,60,2.0,0.014365090509597105,ADAPTING
102,0.8575403001278846,0.14245969987211538,0.0026488953854130037,0.9725541666666667,1.0,0,60,60,2.0,0.014292338335464744,ADAPTING
103,0.8472327504121302,0.1527672495878698,0.0032398004125768773,0.9741,1.0,0,60,60,2.0,0.01412054584020217,ADAPTING
104,0.8342594693278472,0.16574053067215277,0.002768194195022615,0.9745083333333333,1.0,0,60,60,2.0,0.013904324488797453,ADAPTING
105,0.8186261851199915,0.18137381488000848,0.002295691005812406,0.9735750000000001,1.0,0,60,60,2.0,0.013643769751999858,ADAPTING
106,0.811206959685517,0.18879304031448296,0.0023947610646286263,0.9712708333333333,1.0,0,60,60,2.0,0.013520115994758617,ADAPTING
107,0.8114916973164619,0.18850830268353813,0.0029920312990899525,0.9694333333333333,1.0,0,60,60,2.0,0.01352486162194103,ADAPTING
108,0.822419403379547,0.177580596620453,0.0033298394162180867,0.9671583333333335,1.0,0,60,60,2.0,0.013706990056325783,ADAPTING
109,0.8357217640471039,0.16427823595289615,0.003383098173351764,0.9661958333333334,1.0,0,60,60,2.0,0.01392869606745173,ADAPTING
110,0.8448809390345429,0.15511906096545713,0.002384936318966487,0.9668958333333333,1.0,0,60,60,2.0,0.014081348983909048,ADAPTING
111,0.8456214649565893,0.1543785350434107,0.0020405495734411782,0.9694625,1.0,0,60,60,2.0,0.014093691082609822,ADAPTING
112,0.8403849720352685,0.15961502796473148,0.0028264092032754626,0.9720875,1.0,0,60,60,2.0,0.01400641620058781,ADAPTING
113,0.8277079693903484,0.1722920306096516,0.002849318125502028,0.9740125000000001,1.0,0,60,60,2.0,0.013795132823172473,ADAPTING
114,0.817293892933428,0.18270610706657198,0.0025531296661940035,0.9746833333333333,1.0,0,60,60,2.0,0.0136215648822238,ADAPTING
115,0.8136763587766672,0.18632364122333278,0.002657460519606165,0.9730791666666667,1.0,0,60,60,2.0,0.013561272646277787,ADAPTING
116,0.8167502863820825,0.18324971361791753,0.0026504334973983215,0.9718541666666667,1.0,0,60,60,2.0,0.013612504773034708,ADAPTING
117,0.8228623563594544,0.17713764364054563,0.0022853446473078205,0.9702208333333334,1.0,0,60,60,2.0,0.013714372605990906,ADAPTING
118,0.8259621159673362,0.17403788403266385,0.002133418851126616,0.9705708333333334,1.0,0,60,60,2.0,0.01376603526612227,ADAPTING
119,0.8300988588476742,0.1699011411523258,0.0023900595306275713,0.9712999999999999,1.0,0,60,60,2.0,0.01383498098079457,ADAPTING
120,0.8714301776292365,0.12856982237076353,0.0021046842937279806,0.9738750000000002,1.0,0,42,60,2.857142857142857,0.014523836293820609,RECOVERING
121,0.9043330920040654,0.09566690799593458,0.0016714811097534598,0.9794166666666667,1.0,0,42,60,2.857142857142857,0.015072218200067758,RECOVERED
122,0.9051377141245389,0.09486228587546108,0.0018158210950589067,0.98575,1.0,0,42,60,2.857142857142857,0.015085628568742316,RESONANCE
123,0.8767201340824325,0.12327986591756745,0.0022229905778293653,0.9900416666666667,1.0,0,42,60,2.857142857142857,0.01461200223470721,ADAPTING
124,0.834815500619604,0.16518449938039603,0.003117504530897506,0.9910833333333334,1.0,0,42,60,2.857142857142857,0.0139135916769934,ADAPTING
125,0.7980605818569447,0.20193941814305527,0.004196763417143643,0.9889166666666667,1.0,0,42,60,2.857142857142857,0.013301009697615745,ADAPTING
126,0.7842154872568935,0.2157845127431065,0.006279222453440104,0.9839166666666667,1.0,0,42,60,2.857142857142857,0.013070258120948225,ADAPTING
127,0.7879894946298595,0.21201050537014055,0.006729140404001516,0.9797916666666667,1.0,0,42,60,2.857142857142857,0.01313315824383099,ADAPTING
128,0.8082184922025468,0.19178150779745318,0.005934039763094328,0.976125,1.0,0,42,60,2.857142857142857,0.01347030820337578,ADAPTING
129,0.826954230498901,0.17304576950109896,0.005345338982295704,0.9750833333333333,1.0,0,42,60,2.857142857142857,0.013782570508315018,ADAPTING
130,0.8433479701927243,0.15665202980727566,0.0046060114681940245,0.9753333333333333,1.0,0,42,60,2.857142857142857,0.014055799503212072,ADAPTING
131,0.8474092668778236,0.15259073312217641,0.003911621773371812,0.9761666666666667,1.0,0,42,60,2.857142857142857,0.01412348778129706,ADAPTING
132,0.8396471559294354,0.1603528440705646,0.004195251089633927,0.9763333333333334,1.0,0,42,60,2.857142857142857,0.01399411926549059,ADAPTING
133,0.8303492920572372,0.16965070794276282,0.004484164363891306,0.9768333333333333,1.0,0,42,60,2.857142857142857,0.013839154867620619,ADAPTING
134,0.8188529386679296,0.18114706133207037,0.005255480142629929,0.9772083333333335,1.0,0,42,60,2.857142857142857,0.013647548977798827,ADAPTING
135,0.8094874740367085,0.1905125259632915,0.0061210318756367245,0.9754583333333334,1.0,0,42,60,2.857142857142857,0.01349145790061181,ADAPTING
136,0.8028010917854099,0.19719890821459007,0.0055424563174637466,0.974375,1.0,0,42,60,2.857142857142857,0.0133800181964235,ADAPTING
137,0.8009831513718424,0.1990168486281576,0.005177268772909664,0.9704166666666667,1.0,0,42,60,2.857142857142857,0.013349719189530707,ADAPTING
138,0.8075880215351087,0.19241197846489133,0.0045479742314123075,0.9669583333333334,1.0,0,42,60,2.857142857142857,0.013459800358918477,ADAPTING
139,0.8125269252399128,0.18747307476008723,0.0042955836826362795,0.9667083333333334,1.0,0,42,60,2.857142857142857,0.013542115420665213,ADAPTING
140,0.8217303121379802,0.1782696878620198,0.004347434795420375,0.9683750000000001,1.0,0,42,60,2.857142857142857,0.01369550520229967,ADAPTING
141,0.8378837622088776,0.1621162377911224,0.004376317110251117,0.96875,1.0,0,42,60,2.857142857142857,0.01396472937014796,ADAPTING
142,0.8437630857355168,0.15623691426448316,0.004472417758707083,0.9702083333333336,1.0,0,42,60,2.857142857142857,0.014062718095591948,ADAPTING
143,0.8380931046692605,0.16190689533073954,0.004141480717007985,0.9705,1.0,0,42,60,2.857142857142857,0.01396821841115434,ADAPTING
144,0.8283958257486026,0.1716041742513974,0.004319369585968335,0.9716249999999998,1.0,0,42,60,2.857142857142857,0.013806597095810043,ADAPTING
145,0.814522868589116,0.18547713141088396,0.004872022441299044,0.9707499999999999,1.0,0,42,60,2.857142857142857,0.013575381143151934,ADAPTING
146,0.8070669985807494,0.19293300141925063,0.005528254972164663,0.9702916666666668,1.0,0,42,60,2.857142857142857,0.01345111664301249,ADAPTING
147,0.8064432768766349,0.19355672312336514,0.00654328134442084,0.9674999999999999,1.0,0,42,60,2.857142857142857,0.013440721281277247,ADAPTING
148,0.8129977410284849,0.18700225897151512,0.005931039272522805,0.9674999999999999,1.0,0,42,60,2.857142857142857,0.013549962350474749,ADAPTING
149,0.8166154460035887,0.1833845539964113,0.004469483982611423,0.9667083333333334,1.0,0,42,60,2.857142857142857,0.013610257433393145,ADAPTING
150,0.8455299721294313,0.15447002787056874,0.0033701559758236846,0.9348214285714287,0.7478726742356753,0,42,60,2.857142857142857,0.014092166202157188,RECOVERING
151,0.8840301014909956,0.11596989850900441,0.0027266111364777873,0.9059761904761905,0.7413021990622851,0,42,60,2.857142857142857,0.014733835024849927,RECOVERING
152,0.9169816540939935,0.08301834590600654,0.0018590226178084382,0.8786309523809523,0.7433417315600819,0,42,60,2.857142857142857,0.015283027568233224,RECOVERED
153,0.9191583950362456,0.08084160496375437,0.0014916861897695578,0.8534166666666668,0.7595184653737663,11,42,60,2.857142857142857,0.015319306583937427,RESONANCE
154,0.9018562806949332,0.09814371930506682,0.0027874277621391334,0.8247797619047619,0.7395357444808814,12,42,60,2.857142857142857,0.01503093801158222,RESONANCE
155,0.8989797911595697,0.10102020884043028,0.003250688714902245,0.8078452380952382,0.7341226719728654,12,42,20,0.9523809523809523,0.044948989557978485,RECOVERING
156,0.9069631350265116,0.0930368649734884,0.002470632532063018,0.8091190476190475,0.7426469042833325,12,42,20,0.9523809523809523,0.04534815675132558,RECOVERED
157,0.9098641790728624,0.09013582092713757,0.0027339186051826207,0.8093690476190477,0.7325239428547753,12,42,20,0.9523809523809523,0.04549320895364312,RESONANCE
158,0.9084115324414034,0.09158846755859662,0.00289263385574969,0.8092857142857144,0.7510433532503177,12,42,20,0.9523809523809523,0.04542057662207017,RESONANCE
159,0.9023726645807183,0.0976273354192817,0.0034295824206424345,0.8094523809523809,0.7488469371751914,12,42,20,0.9523809523809523,0.045118633229035914,RESONANCE
160,0.9145977931224035,0.08540220687759648,0.0032259562184892726,0.809202380952381,0.7533890530980689,12,42,25,1.1904761904761905,0.03658391172489614,RECOVERED
161,0.9198231875931335,0.08017681240686647,0.003885468581936618,0.809327380952381,0.743774277373583,12,42,25,1.1904761904761905,0.03679292750372534,RESONANCE
162,0.9061529146445159,0.09384708535548414,0.004915010021492762,0.8088690476190477,0.7538990905381963,12,42,25,1.1904761904761905,0.036246116585780634,RESONANCE
163,0.8910488983054357,0.10895110169456435,0.007344834353315425,0.8091190476190477,0.7598860021111127,12,42,25,1.1904761904761905,0.035641955932217424,ADAPTING
164,0.880916161653961,0.11908383834603897,0.008972815566172021,0.8072857142857144,0.7430865437870532,12,42,25,1.1904761904761905,0.03523664646615844,ADAPTING
165,0.8909204360884179,0.10907956391158213,0.005422708446518647,0.806202380952381,0.7436852598584357,12,42,30,1.4285714285714286,0.02969734786961393,RECOVERING
166,0.9076088007865921,0.09239119921340788,0.0028884630064531912,0.8079523809523811,0.7489507979127704,12,42,30,1.4285714285714286,0.030253626692886403,RECOVERED
167,0.9137305707886663,0.08626942921133374,0.0016884811024216028,0.8094107142857142,0.7548236929905097,12,42,30,1.4285714285714286,0.030457685692955542,RESONANCE
168,0.912022606147359,0.08797739385264103,0.0015690433659633167,0.8109107142857143,0.7502435483532433,12,42,30,1.4285714285714286,0.030400753538245298,RESONANCE
169,0.896019726489811,0.10398027351018901,0.0029447950551653875,0.8119523809523809,0.7435865383043547,12,42,30,1.4285714285714286,0.029867324216327033,ADAPTING
170,0.6843110238092491,0.31568897619075087,0.03935670710648276,0.8007440476190476,0.7403985858694481,12,42,35,1.6666666666666667,0.01955174353740712,RECOVERING
171,0.7126610334908792,0.28733896650912083,0.042942964552849655,0.7931190476190476,0.7536984595360599,12,42,35,1.6666666666666667,0.02036174381402512,RECOVERING
172,0.7632458519637831,0.23675414803621686,0.03787224602008079,0.7874940476190476,0.7473853192948159,12,42,35,1.6666666666666667,0.021807024341822374,RECOVERING
173,0.7856553650583278,0.21434463494167222,0.02891482729942133,0.7840357142857144,0.7369953340688792,12,42,35,1.6666666666666667,0.022447296144523652,RECOVERING
174,0.7957402210207108,0.20425977897928915,0.02341445643695586,0.7819940476190477,0.7549523860979453,12,42,35,1.6666666666666667,0.022735434886306024,RECOVERING
175,0.8129456616908447,0.1870543383091553,0.020188497020677307,0.7777440476190476,0.7508077408336072,12,42,40,1.9047619047619047,0.020323641542271117,RECOVERING
176,0.836651840835996,0.16334815916400403,0.01618722887513864,0.7741190476190476,0.7471477825884824,12,42,40,1.9047619047619047,0.0209162960208999,RECOVERING
177,0.8570245933776006,0.14297540662239938,0.011843495685855864,0.7728690476190477,0.7502639484482265,12,42,40,1.9047619047619047,0.021425614834440016,RECOVERING
178,0.8806685036323546,0.1193314963676454,0.008521055542001258,0.7739940476190477,0.7432219056989443,12,42,40,1.9047619047619047,0.022016712590808864,RECOVERING
179,0.9053599756463155,0.09464002435368446,0.006475077186939588,0.7752440476190477,0.751563797211935,12,42,40,1.9047619047619047,0.02263399939115789,RECOVERED
180,0.9244719882774055,0.07552801172259449,0.004926576758029109,0.777702380952381,0.7553993685588919,12,42,45,2.142857142857143,0.020543821961720124,RECOVERED
181,0.9225593661696297,0.07744063383037025,0.003988287583947836,0.7808690476190476,0.7397535473761155,12,42,45,2.142857142857143,0.020501319248213995,RESONANCE
182,0.9042775358131746,0.0957224641868254,0.0039091024029957455,0.7843690476190476,0.7612468181273162,12,42,45,2.142857142857143,0.02009505635140388,RESONANCE
183,0.881297888968247,0.11870211103175299,0.004967941502937305,0.786702380952381,0.731664682992854,12,42,45,2.142857142857143,0.019584397532627713,ADAPTING
184,0.8601354728630282,0.13986452713697184,0.007091315363207579,0.787452380952381,0.7395757737228537,12,42,45,2.142857142857143,0.019114121619178404,ADAPTING
185,0.8763933297132389,0.12360667028676109,0.005147129459201934,0.7862857142857143,0.7498741760641854,12,42,50,2.380952380952381,0.01752786659426478,RECOVERING
186,0.9038845014290253,0.09611549857097468,0.002935612066461286,0.7892440476190475,0.7535902659676881,12,42,50,2.380952380952381,0.018077690028580506,RECOVERED
187,0.9191947140896681,0.08080528591033187,0.0017319785382831532,0.792577380952381,0.7518353022285004,12,42,50,2.380952380952381,0.018383894281793364,RESONANCE
188,0.9175532250970503,0.08244677490294972,0.001541398559509004,0.7954523809523809,0.7424221105667866,12,42,50,2.380952380952381,0.018351064501941006,RESONANCE
189,0.9015501027642434,0.09844989723575659,0.0026093065447782664,0.7986607142857144,0.7410278951490198,12,42,50,2.380952380952381,0.018031002055284868,RESONANCE
190,0.9105044418725889,0.08949555812741106,0.0024446667297745783,0.8001190476190475,0.7336221282932663,12,42,55,2.619047619047619,0.016554626215865252,RECOVERED
191,0.911321641183004,0.08867835881699604,0.0026536713016259116,0.8022023809523811,0.7442823301798592,12,42,55,2.619047619047619,0.016569484385145525,RESONANCE
192,0.8998124428657563,0.10018755713424365,0.0038167324255888846,0.8039107142857144,0.7498889963302384,12,42,55,2.619047619047619,0.01636022623392284,ADAPTING
193,0.8840126179353979,0.11598738206460213,0.005610493189246084,0.8043690476190477,0.7442138556833516,12,42,55,2.619047619047619,0.01607295668973451,ADAPTING
194,0.8675390856801454,0.13246091431985463,0.006402911138246756,0.8042023809523811,0.7452604343054896,12,42,55,2.619047619047619,0.01577343792145719,ADAPTING
195,0.8836325710907961,0.11636742890920393,0.003988077037457601,0.802702380952381,0.7502412605295034,12,42,60,2.857142857142857,0.014727209518179935,RECOVERING
196,0.9077342471517909,0.09226575284820915,0.0021033485330445765,0.8055773809523811,0.744787698261173,12,42,60,2.857142857142857,0.015128904119196514,RECOVERED
197,0.9197642754011855,0.08023572459881445,0.0012905014087373993,0.8073690476190476,0.7516896105164568,12,42,60,2.857142857142857,0.015329404590019758,RESONANCE
198,0.9150011120199767,0.08499888798002331,0.0011639087983997631,0.8095357142857144,0.7439358842167381,12,42,60,2.857142857142857,0.015250018533666278,RESONANCE
199,0.8943998783588207,0.10560012164117927,0.002884886934613756,0.8110357142857144,0.74434330680693,12,42,60,2.857142857142857,0.014906664639313678,ADAPTING
200,0.8942162376088851,0.10578376239111487,0.003084431260151037,0.810702380952381,0.7397305563720293,12,42,44,2.0952380952380953,0.020323096309292844,RECOVERING
201,0.911656808525384,0.088343191474616,0.0018200493838797043,0.810952380952381,0.7528998038339567,12,42,44,2.0952380952380953,0.020719472921031455,RECOVERED
202,0.917480209297811,0.08251979070218896,0.001311260309296088,0.812327380952381,0.7454338096802777,12,42,44,2.0952380952380953,0.020851822938586614,RESONANCE
203,0.9091906149562441,0.09080938504375591,0.0024672468925563537,0.8129940476190476,0.7425136811883514,12,42,44,2.0952380952380953,0.020663423067187367,RESONANCE
204,0.8936284416931249,0.10637155830687506,0.004504939240792721,0.8126607142857144,0.7439092257490707,12,42,44,2.0952380952380953,0.020309737311207384,ADAPTING
205,0.8988701241918134,0.10112987580818655,0.0035395709174954803,0.811702380952381,0.751610298652931,12,42,49,2.3333333333333335,0.01834428824881252,RECOVERING
206,0.9151597650332535,0.08484023496674653,0.00181409253611212,0.8117857142857144,0.7467844929547781,12,42,49,2.3333333333333335,0.018676729898637827,RECOVERED
207,0.920347372079692,0.07965262792030803,0.0015433706774801033,0.8126607142857144,0.7428694180560826,12,42,49,2.3333333333333335,0.018782599430197795,RESONANCE
208,0.9146063141529426,0.08539368584705742,0.002392391639272175,0.8136607142857143,0.7456267428153763,12,42,49,2.3333333333333335,0.018665434982713114,RESONANCE
209,0.8999100602297171,0.10008993977028291,0.0031643576724427656,0.8136190476190477,0.7453114362119461,12,42,49,2.3333333333333335,0.018365511433259533,ADAPTING
210,0.9035570113920548,0.0964429886079452,0.0026095373967233533,0.8126190476190477,0.7495333697777135,12,42,54,2.5714285714285716,0.016732537248001014,RECOVERED
211,0.8989282434751382,0.10107175652486178,0.002555235774104344,0.813827380952381,0.7459403656104847,12,42,54,2.5714285714285716,0.01664681932361367,ADAPTING
212,0.8915462510074578,0.10845374899254223,0.003055163327006986,0.814077380952381,0.7558072818303371,12,42,54,2.5714285714285716,0.016510115759397367,ADAPTING
213,0.8819946492454912,0.1180053507545088,0.003991286335736484,0.8126190476190478,0.7429587983438426,12,42,54,2.5714285714285716,0.016333234245286873,ADAPTING
214,0.8760805150109844,0.12391948498901562,0.004841994809592104,0.8119940476190476,0.7341456035303773,12,42,54,2.5714285714285716,0.016223713240944154,ADAPTING
215,0.8962058847973887,0.10379411520261128,0.0028486698627374165,0.810202380952381,0.7566550130237379,12,42,59,2.8095238095238093,0.015189930250803198,RECOVERING
216,0.9219192084906156,0.0780807915093844,0.0011327737200816854,0.8122440476190478,0.744823917877131,12,42,59,2.8095238095238093,0.01562574929645111,RECOVERED
217,0.9308191023301378,0.06918089766986224,0.0009259822477146847,0.8134107142857142,0.746874850481228,12,42,59,2.8095238095238093,0.015776594954748098,RESONANCE
218,0.9176566285112193,0.08234337148878068,0.0016756358883110508,0.8140357142857143,0.7463702893975769,12,42,59,2.8095238095238093,0.01555350217815626,RESONANCE
219,0.896629771759907,0.10337022824009301,0.003211826538724069,0.814077380952381,0.7502623798343129,12,42,59,2.8095238095238093,0.015197114775591644,ADAPTING
220,0.8989739849670318,0.10102601503296815,0.002584209283675808,0.8130357142857143,0.7763106383633623,12,42,64,3.0476190476190474,0.014046468515109873,RECOVERING
221,0.9197226969155494,0.08027730308445058,0.0012914579713622749,0.8132440476190478,0.739622733971018,12,42,64,3.0476190476190474,0.01437066713930546,RECOVERED
222,0.928525789321697,0.07147421067830295,0.0009024471874719537,0.8138273809523808,0.7511487632638502,12,42,64,3.0476190476190474,0.014508215458151516,RESONANCE
223,0.9187008058079368,0.08129919419206322,0.001440741357716925,0.8142440476190477,0.7385301212599096,12,42,64,3.0476190476190474,0.014354700090749012,RESONANCE
224,0.9011883823277407,0.09881161767225932,0.002443244795528014,0.8142857142857144,0.744373576543695,12,42,64,3.0476190476190474,0.014081068473870948,RESONANCE
225,0.9058541979634276,0.09414580203657241,0.001749176796251693,0.8138690476190478,0.7427145710922617,12,42,69,3.2857142857142856,0.013128321709614893,RECOVERED
226,0.9057005091392786,0.09429949086072142,0.0020052608876846537,0.8142857142857144,0.7573754901401484,12,42,69,3.2857142857142856,0.013126094335351864,RESONANCE
227,0.9015680803347714,0.09843191966522857,0.00268259283245962,0.8138690476190475,0.7444460813771838,12,42,69,3.2857142857142856,0.013066204062822774,RESONANCE
228,0.8920243907660035,0.10797560923399652,0.003752063157502227,0.8132440476190478,0.7465357898740432,12,42,69,3.2857142857142856,0.012927889721246427,ADAPTING
229,0.8801567848833688,0.11984321511663121,0.004784072801983651,0.8122023809523811,0.7454519963186751,12,42,69,3.2857142857142856,0.012755895433092301,ADAPTING
230,0.8961902468967577,0.10380975310324225,0.0026974996976827335,0.8102857142857144,0.7437407642103255,12,42,74,3.5238095238095237,0.012110679012118347,RECOVERING
231,0.9207017043102294,0.07929829568977065,0.0009836822937659322,0.8130357142857143,0.7508345001849632,12,42,74,3.5238095238095237,0.012441914923111207,RECOVERED
232,0.9309142880398472,0.06908571196015278,0.0005987154704736624,0.8139107142857143,0.7354742379199978,12,42,74,3.5238095238095237,0.012579922811349287,RESONANCE
233,0.9215291815502591,0.07847081844974091,0.0009738196844588732,0.8142857142857144,0.7377025147789211,12,42,74,3.5238095238095237,0.012453097047976475,RESONANCE
234,0.8998633074413795,0.10013669255862045,0.002313848832162522,0.8142857142857144,0.7481982319173338,12,42,74,3.5238095238095237,0.012160314965424048,ADAPTING
235,0.8982110164549436,0.10178898354505639,0.0024508273192487347,0.8138690476190475,0.7353824137637803,12,42,79,3.761904761904762,0.011369759701961312,RECOVERING
236,0.9135755747726586,0.0864244252273414,0.0015404128105874334,0.8138690476190478,0.7601844002927644,12,42,79,3.761904761904762,0.011564247781932387,RECOVERED
237,0.918604324745848,0.08139567525415203,0.0013894601023519946,0.8142857142857144,0.7381360397742565,12,42,79,3.761904761904762,0.011627902844884151,RESONANCE
238,0.9085117268599167,0.09148827314008334,0.0018785408491972949,0.8142857142857144,0.754723748947149,12,42,79,3.761904761904762,0.011500148441264768,RESONANCE
239,0.8894567046403665,0.11054329535963348,0.0030787337993462864,0.8142857142857144,0.7509164602270733,12,42,79,3.761904761904762,0.01125894562835907,ADAPTING
240,0.8993039685464594,0.10069603145354056,0.002107152306168791,0.8134523809523809,0.7482781896434532,12,42,84,4.0,0.01070599962555309,RECOVERING
241,0.9253532989764596,0.07464670102354043,0.0007816995255965984,0.8142857142857144,0.7480456671957368,12,42,84,4.0,0.01101611070210071,RECOVERED
242,0.9361259256317683,0.06387407436823167,0.0003890523139784618,0.8142857142857144,0.7535739698278984,12,42,84,4.0,0.01114435625752105,RESONANCE
243,0.9271434143930593,0.07285658560694075,0.0008978757386942434,0.8142857142857144,0.7413465145907403,12,42,84,4.0,0.011037421599917371,RESONANCE
244,0.9067874972356547,0.09321250276434534,0.002146651985278506,0.814077380952381,0.7475613226007453,12,42,84,4.0,0.010795089252805413,RESONANCE
245,0.8841504137000313,0.11584958629996867,0.0038779992289819046,0.8136607142857144,0.7450314013674605,12,42,84,4.0,0.010525600163095611,ADAPTING
246,0.8672996368276306,0.13270036317236944,0.005420487141126612,0.8124107142857143,0.740320646579581,12,42,84,4.0,0.010324995676519412,ADAPTING
247,0.8631673201753375,0.13683267982466252,0.005636811589308768,0.8101190476190476,0.7540907823528362,12,42,84,4.0,0.010275801430658779,ADAPTING
248,0.8703684691170352,0.12963153088296475,0.004993868133971476,0.8077857142857143,0.7607466751661983,12,42,84,4.0,0.01036152939425042,ADAPTING
249,0.8835989554486565,0.11640104455134348,0.0038522365593734883,0.8072440476190476,0.7435519999386638,12,42,84,4.0,0.010519035183912577,ADAPTING
250,0.8949811172351648,0.10501888276483518,0.002652036325294621,0.809702380952381,0.747288694245933,12,42,84,4.0,0.01065453710994244,ADAPTING
251,0.9006771497125292,0.09932285028747079,0.002017215710349528,0.8115357142857142,0.750175494263514,12,42,84,4.0,0.010722347020387253,RESONANCE
252,0.8976820165920775,0.10231798340792253,0.002194570851463847,0.813327380952381,0.7563178919279683,12,42,84,4.0,0.010686690673715207,ADAPTING
253,0.8845710595542516,0.11542894044574836,0.0033222413202575315,0.8137857142857143,0.7376531495853378,12,42,84,4.0,0.01053060785183633,ADAPTING
254,0.8673248706849347,0.1326751293150653,0.00465570132446526,0.8128273809523808,0.7507765757669853,12,42,84,4.0,0.010325296079582555,ADAPTING
255,0.8536931283744407,0.14630687162555933,0.005837142874758048,0.8103273809523811,0.7428497645331565,12,42,84,4.0,0.010163013433029056,ADAPTING
256,0.8506105868267045,0.14938941317329546,0.006227359588450791,0.8072857142857143,0.7580777670264384,12,42,84,4.0,0.01012631650984172,ADAPTING
257,0.8583376611304313,0.1416623388695687,0.005515903571272056,0.8057857142857143,0.7399002678505997,12,42,84,4.0,0.010218305489647991,ADAPTING
258,0.8724772721949643,0.1275227278050357,0.004277746944686572,0.8040357142857143,0.7496400483846509,12,42,84,4.0,0.010386634192797194,ADAPTING
259,0.884178021697732,0.11582197830226804,0.00313343651912188,0.8052440476190477,0.7490529516327554,12,42,84,4.0,0.010525928829734904,ADAPTING
260,0.8904813196157159,0.10951868038428414,0.002627138226106224,0.8083690476190477,0.7439784236125487,12,42,84,4.0,0.010600968090663285,ADAPTING
261,0.8868649078192338,0.11313509218076623,0.0030842155069951685,0.8116190476190477,0.7433522308940221,12,42,84,4.0,0.010557915569276592,ADAPTING
262,0.8778140059930832,0.12218599400691676,0.004185099004687523,0.8124940476190476,0.7501725675621018,12,42,84,4.0,0.010450166738012896,ADAPTING
263,0.8653334774572011,0.13466652254279887,0.005215978012662591,0.8109107142857142,0.743117606994732,12,42,84,4.0,0.010301589017347632,ADAPTING
264,0.8515723006273302,0.14842769937266975,0.006190999794026496,0.8086607142857144,0.7418477963503016,12,42,84,4.0,0.010137765483658693,ADAPTING
265,0.8459718182881529,0.15402818171184707,0.006723804529568439,0.8045773809523811,0.7404514327244625,12,42,84,4.0,0.010071093074858964,ADAPTING
266,0.8501569705783053,0.1498430294216947,0.0065200990390727916,0.8017857142857144,0.7452374169372069,12,42,84,4.0,0.010120916316408397,ADAPTING
267,0.8652505126903984,0.13474948730960157,0.005428933837918357,0.8001607142857144,0.7444433535626195,12,42,84,4.0,0.010300601341552362,ADAPTING
268,0.8787401430947817,0.12125985690521834,0.004090443364093062,0.8007440476190476,0.7428221225683942,12,42,84,4.0,0.010461192179699782,ADAPTING
269,0.885019510901443,0.11498048909855696,0.003296179706346638,0.8032440476190478,0.7515633998282883,12,42,84,4.0,0.010535946558350513,ADAPTING
270,0.8864037605337719,0.1135962394662281,0.003049434846674503,0.805702380952381,0.7519753468952567,12,42,84,4.0,0.010552425720640142,ADAPTING
271,0.8816841545842282,0.11831584541577178,0.0036401746098338574,0.8092857142857144,0.7425541150007301,12,42,84,4.0,0.010496239935526527,ADAPTING
272,0.8731662794314426,0.12683372056855735,0.004512690780645504,0.8102440476190477,0.745446788838096,12,42,84,4.0,0.010394836659898127,ADAPTING
273,0.86682846480304,0.13317153519696,0.0052849909210786064,0.8095773809523809,0.7414367090355936,12,42,84,4.0,0.010319386485750476,ADAPTING
274,0.8623482973517481,0.13765170264825188,0.0059427206765252346,0.8084940476190478,0.7552126061983647,12,42,84,4.0,0.010266051158949383,ADAPTING
275,0.8608909012089304,0.13910909879106959,0.005768398806270324,0.806702380952381,0.7378948634523921,12,42,84,4.0,0.010248701204868219,ADAPTING
276,0.8621858623833157,0.13781413761668426,0.005504157556207148,0.8038690476190476,0.7382499720699032,12,42,84,4.0,0.010264117409325188,ADAPTING
277,0.865756804513687,0.13424319548631303,0.0052914880736247855,0.802577380952381,0.7402371862113643,12,42,84,4.0,0.01030662862516294,ADAPTING
278,0.8733009000203179,0.1266990999796821,0.004457927168729994,0.8029107142857144,0.7461468606022711,12,42,84,4.0,0.010396439285956165,ADAPTING
279,0.8755700289896404,0.12442997101035957,0.0038858586227831617,0.8042440476190478,0.7537727565144942,12,42,84,4.0,0.010423452726067147,ADAPTING
280,0.8726963221818126,0.1273036778181874,0.0041997463763379355,0.8057857142857142,0.750711182865443,12,42,84,4.0,0.010389241930735864,ADAPTING
281,0.8691485422169885,0.13085145778301155,0.0048794327967402,0.807577380952381,0.7318034746677384,12,42,84,4.0,0.010347006454964149,ADAPTING
282,0.8664446053615381,0.1335553946384619,0.005389456681142611,0.8070773809523811,0.7416358249037902,12,42,84,4.0,0.010314816730494501,ADAPTING
283,0.8649339565367052,0.13506604346329476,0.005336882474085438,0.806702380952381,0.7559701607362773,12,42,84,4.0,0.010296832815913157,ADAPTING
284,0.8650570363678037,0.13494296363219627,0.0050389756472807535,0.8055773809523811,0.7568433946105122,12,42,84,4.0,0.010298298051997664,ADAPTING
285,0.8661132096764051,0.13388679032359485,0.004593187888228394,0.803827380952381,0.7427825769260563,12,42,84,4.0,0.010310871543766729,ADAPTING
286,0.868110245289588,0.13188975471041198,0.004555262917690988,0.8035357142857145,0.7600602058250495,12,42,84,4.0,0.010334645777257,ADAPTING
287,0.868214218039463,0.13178578196053703,0.004836488919289885,0.8045357142857144,0.7317082593973945,12,42,84,4.0,0.010335883548088846,ADAPTING
288,0.8669737085082572,0.13302629149174283,0.00476580883004205,0.8053690476190476,0.7497362963867504,12,42,84,4.0,0.010321115577479252,ADAPTING
289,0.8647451123289375,0.13525488767106253,0.004847697968568926,0.8057440476190477,0.7440314916159415,12,42,84,4.0,0.010294584670582588,ADAPTING
290,0.8641280309763039,0.13587196902369614,0.004897030899011661,0.8054940476190476,0.739062560448119,12,42,84,4.0,0.010287238464003617,ADAPTING
291,0.8663081460361242,0.13369185396387584,0.004969344766020458,0.8039940476190476,0.7476609089440682,12,42,84,4.0,0.010313192214715763,ADAPTING
292,0.8686931199426686,0.13130688005733138,0.004762536032956798,0.8040357142857143,0.7546164175131173,12,42,84,4.0,0.010341584761222246,ADAPTING
293,0.8667230884920711,0.13327691150792886,0.004807994243522272,0.8041607142857143,0.7496944789131325,12,42,84,4.0,0.01031813200585799,ADAPTING
294,0.8640019476311946,0.13599805236880536,0.004987797127604917,0.8037857142857143,0.7339523461852504,12,42,84,4.0,0.010285737471799936,ADAPTING
295,0.8613416060437952,0.13865839395620483,0.0053367323138738335,0.8029107142857144,0.7357783414786463,12,42,84,4.0,0.01025406673861661,ADAPTING
296,0.8608049011358961,0.13919509886410386,0.005121344333355296,0.8024940476190477,0.7489460516047848,12,42,84,4.0,0.010247677394474955,ADAPTING
297,0.8623851141331242,0.13761488586687576,0.004932757536180205,0.8027440476190476,0.7458812391441709,12,42,84,4.0,0.010266489453965764,ADAPTING
298,0.8673146375383387,0.1326853624616613,0.004777841647392335,0.8013273809523811,0.7446237709283009,12,42,84,4.0,0.010325174256408795,ADAPTING
299,0.8700002334187514,0.12999976658124857,0.0049017051433337695,0.8026607142857143,0.7451436346463307,12,42,84,4.0,0.010357145635937518,ADAPTING
300,0.8730991491224994,0.12690085087750058,0.004657096666447798,0.8039940476190476,0.7459324397329172,12,42,84,4.0,0.010394037489553564,ADAPTING
301,0.873647095801242,0.126352904198758,0.0043126667668113,0.8049940476190477,0.7416716926277537,12,42,84,4.0,0.0104005606643005,ADAPTING
302,0.8727782411145895,0.12722175888541054,0.004472340901945027,0.8055357142857144,0.7457591249958709,12,42,84,4.0,0.010390217156126065,ADAPTING
303,0.8725118438809935,0.12748815611900655,0.0045587098817800415,0.8060773809523811,0.7410771089418219,12,42,84,4.0,0.010387045760488017,ADAPTING
304,0.8681564087223554,0.13184359127764456,0.004592664285544885,0.8069107142857144,0.7434032600189225,12,42,84,4.0,0.010335195341932803,ADAPTING
305,0.8664832117574159,0.13351678824258406,0.004483282440641452,0.8067440476190477,0.7572354133782205,12,42,84,4.0,0.010315276330445428,ADAPTING
306,0.8682659540525383,0.13173404594746174,0.004565511317393763,0.807327380952381,0.7465245186198343,12,42,84,4.0,0.010336499453006407,ADAPTING
307,0.8700526189177852,0.12994738108221482,0.004697960759971707,0.8068690476190477,0.7440248862397568,12,42,84,4.0,0.010357769272830776,ADAPTING
308,0.8716718738796411,0.12832812612035893,0.004347433022337849,0.8063273809523809,0.7408216701199912,12,42,84,4.0,0.010377046117614775,ADAPTING
309,0.8697837124586938,0.1302162875413062,0.004796370172060518,0.8065773809523811,0.7556482537397002,12,42,84,4.0,0.01035456800546064,ADAPTING
310,0.8704272175216659,0.12957278247833415,0.004890145772894442,0.8058690476190475,0.748240494138698,12,42,84,4.0,0.010362228780019831,ADAPTING
311,0.8731375107327706,0.12686248926722943,0.004328893778033501,0.806202380952381,0.746226444930502,12,42,84,4.0,0.010394494175390127,ADAPTING
312,0.8703302964797947,0.12966970352020535,0.004409199831833258,0.806702380952381,0.7501218258386957,12,42,84,4.0,0.010361074958092794,ADAPTING
313,0.8661279646975102,0.1338720353024898,0.004714630503622009,0.8065357142857144,0.7452468498786549,12,42,84,4.0,0.010311047198779883,ADAPTING
314,0.8646415948325461,0.1353584051674539,0.004974420163442793,0.8055357142857144,0.7475987461865292,12,42,84,4.0,0.010293352319435073,ADAPTING
315,0.8655453301196939,0.13445466988030608,0.0049356925267428665,0.8041607142857143,0.7590182055566054,12,42,84,4.0,0.010304111072853499,ADAPTING
316,0.8663156155372365,0.13368438446276354,0.004819984391805589,0.8032023809523811,0.740203453776514,12,42,84,4.0,0.010313281137348054,ADAPTING
317,0.8667586340060098,0.13324136599399017,0.004570653751103072,0.803827380952381,0.7439804018283458,12,42,84,4.0,0.010318555166738212,ADAPTING
318,0.867112754344872,0.132887245655128,0.0049046496500899026,0.8061190476190476,0.734897469887899,12,42,84,4.0,0.010322770885058,ADAPTING
319,0.8665871755683308,0.13341282443166924,0.005378315147835045,0.8064107142857143,0.7498299746045505,12,42,84,4.0,0.01031651399486108,ADAPTING
