t,stability_S,energy_margin_E,raw_risk,risk_control_R,goal_alignment_G,correction_cost_C,variance_V,uncertainty_U,weight_stability_Ws,weight_energy_We,weight_risk_Wr,weight_goal_Wg,mission_control_score,control_state,control_action,control_state_number
0,0.8324177943428305,0.8857346213149847,0.17680206147860725,0.8231979385213928,0.8861560353777724,0.3118269075004946,0.14283769992924844,0.28289883543816036,0.2631578947368421,0.2368421052631579,0.2631578947368421,0.2368421052631579,0.49226787527780747,protect,reduce_speed_or_load,2
1,0.8150433011211425,0.8957347362469252,0.15611149116327017,0.8438885088367298,0.8413544735863882,0.32416396828859606,0.08089909466215361,0.2829153621447222,0.2631578947368421,0.2368421052631579,0.2631578947368421,0.2368421052631579,0.5023623853837874,adjust,adaptive_correction,3
2,0.8331920740266324,0.9046897597681272,0.13983884571344357,0.8601611542865564,0.8441656812769425,0.29167282355280805,0.10317874472743079,0.2833909872414489,0.2631578947368421,0.2368421052631579,0.2631578947368421,0.2368421052631579,0.5123346874013083,adjust,adaptive_correction,3
3,0.8535755349155226,0.9089835773397114,0.18508659719974502,0.8149134028002549,0.881593591264767,0.307631075472613,0.10892440292689545,0.28218150485510446,0.2631578947368421,0.2368421052631579,0.2631578947368421,0.2368421052631579,0.5081187441010987,adjust,adaptive_correction,3
4,0.8081458467905606,0.8695946415763056,0.16109124196485264,0.8389087580351473,0.8657854892857578,0.30283853315116976,0.12155276363420997,0.2949399401958471,0.2631578947368421,0.2368421052631579,0.2631578947368421,0.2368421052631579,0.49114823704968297,protect,reduce_speed_or_load,2
5,0.8066460983611129,0.8829789448705699,0.14444367493743962,0.8555563250625604,0.8543827901356372,0.3256185684808483,0.1272127811360747,0.292633490150925,0.2631578947368421,0.2368421052631579,0.2631578947368421,0.2368421052631579,0.4863472938303816,protect,reduce_speed_or_load,2
6,0.8504796090389473,0.8782509377726199,0.16383570715308227,0.8361642928469177,0.8541931029169635,0.2770701134171195,0.1248621064095233,0.2686281575659258,0.2631578947368421,0.2368421052631579,0.2631578947368421,0.2368421052631579,0.511307082220966,adjust,adaptive_correction,3
7,0.8286848155029936,0.8728400079748282,0.1529613479617449,0.8470386520382551,0.8566187937929121,0.3264643292490155,0.13412733806341412,0.27490123898965446,0.2631578947368421,0.2368421052631579,0.2631578947368421,0.2368421052631579,0.49011351205591763,protect,reduce_speed_or_load,2
8,0.7962615920086719,0.9141780837408032,0.22217861917834775,0.7778213808216523,0.8348082973101916,0.32779491006217776,0.13292327678912003,0.27657495708763213,0.2631578947368421,0.2368421052631579,0.2631578947368421,0.2368421052631579,0.476871724686303,protect,reduce_speed_or_load,2
9,0.8200617378100145,0.8874895411398465,0.20204112052417042,0.7979588794758296,0.8260798624016766,0.2872757463618042,0.11810174089621071,0.3375115169481746,0.2631578947368421,0.2368421052631579,0.2631578947368421,0.2368421052631579,0.4771619319004383,protect,reduce_speed_or_load,2
10,0.7934112697052024,0.8553039079949976,0.17980088706580924,0.8201991129341908,0.8417236742374268,0.3183458808414763,0.12610225422462223,0.28547170912222886,0.2631578947368421,0.2368421052631579,0.2631578947368421,0.2368421052631579,0.47780358105221177,protect,reduce_speed_or_load,2
11,0.7918520089574315,0.8923212638963199,0.21699892675778476,0.7830010732422152,0.8145303183388493,0.3162769633241193,0.1212710850950018,0.30119287472861744,0.2631578947368421,0.2368421052631579,0.2631578947368421,0.2368421052631579,0.47085182895315825,protect,reduce_speed_or_load,2
12,0.8080422449184632,0.9117984641613931,0.18193471828132804,0.818065281718672,0.8386954708630655,0.326294640662806,0.12256518648751122,0.2802398591240034,0.2631578947368421,0.2368421052631579,0.2631578947368421,0.2368421052631579,0.48725571396204626,protect,reduce_speed_or_load,2
13,0.7526582795250287,0.8899838961779902,0.15846869510617484,0.8415313048938251,0.7930640301564355,0.312952604587022,0.12179074467848071,0.3418088432490397,0.2631578947368421,0.2368421052631579,0.2631578947368421,0.2368421052631579,0.4605213358921384,protect,reduce_speed_or_load,2
14,0.7558632858646561,0.841850684195433,0.2180793460622638,0.7819206539377361,0.8444472826434181,0.33452604031348904,0.12444511346315301,0.32373495140025244,0.2631578947368421,0.2368421052631579,0.2631578947368421,0.2368421052631579,0.45103696138732563,protect,reduce_speed_or_load,2
15,0.7834234177818368,0.8582828899355128,0.1934746705267104,0.8065253294732896,0.8302378013765327,0.2901992626544298,0.11867313472091463,0.3425673305679842,0.2631578947368421,0.2368421052631579,0.2631578947368421,0.2368421052631579,0.4672272458606492,protect,reduce_speed_or_load,2
16,0.7706520718346088,0.8876031806542957,0.15407178438521094,0.845928215614789,0.8230108409596117,0.3083136699596328,0.1002080561181898,0.29741992363867364,0.2631578947368421,0.2368421052631579,0.2631578947368421,0.2368421052631579,0.4868638334892669,protect,reduce_speed_or_load,2
17,0.802318408985911,0.8498602966130324,0.1752459958670493,0.8247540041329506,0.8348401079657386,0.26756789538348835,0.0995530059021148,0.31549196768245835,0.2631578947368421,0.2368421052631579,0.2631578947368421,0.2368421052631579,0.4916074021745665,protect,reduce_speed_or_load,2
18,0.7702471656687898,0.8683865193039576,0.1581162693714419,0.841883730628558,0.8459918100600484,0.2893930324219783,0.1143547839500165,0.29339336287800144,0.2631578947368421,0.2368421052631579,0.2631578947368421,0.2368421052631579,0.4892238522082499,protect,reduce_speed_or_load,2
19,0.7561206275263355,0.8721404158870482,0.14544006384407218,0.8545599361559278,0.8306734725302328,0.332902445780693,0.12375608494283181,0.35834354424646914,0.2631578947368421,0.2368421052631579,0.2631578947368421,0.2368421052631579,0.4557357503020718,protect,reduce_speed_or_load,2
20,0.8265431833513435,0.8393112408386564,0.2031693603193709,0.7968306396806291,0.7714871392040095,0.32507218848440317,0.13533895749076358,0.3012402228764056,0.2631578947368421,0.2368421052631579,0.2631578947368421,0.2368421052631579,0.45906274727387314,protect,reduce_speed_or_load,2
21,0.7827225206647572,0.8527231986571421,0.22775738277743954,0.7722426172225605,0.7808528622039822,0.34310604074830225,0.1378387070128706,0.3427309461661625,0.2631578947368421,0.2368421052631579,0.2631578947368421,0.2368421052631579,0.4365364675794028,protect,reduce_speed_or_load,2
22,0.7885086877920124,0.7932500941790408,0.1450678972036033,0.8549321027963968,0.7923147727468083,0.2893828551678625,0.12048933798594237,0.34528940195548774,0.2631578947368421,0.2368421052631579,0.2631578947368421,0.2368421052631579,0.4603638445265774,protect,reduce_speed_or_load,2
23,0.7496406121316961,0.8309516466487358,0.19412073456059192,0.805879265439408,0.8039317127370758,0.3363963980387893,0.12158216467264815,0.3487096180466191,0.2631578947368421,0.2368421052631579,0.2631578947368421,0.2368421052631579,0.44089321078379984,protect,reduce_speed_or_load,2
24,0.7700697278681174,0.8426414322867508,0.16380080988289084,0.8361991901171092,0.8125981479792719,0.31972491686901017,0.12588448299381522,0.3213127978465411,0.2631578947368421,0.2368421052631579,0.2631578947368421,0.2368421052631579,0.4611028005644763,protect,reduce_speed_or_load,2
25,0.7848483648280546,0.8225237257763219,0.16791728468648592,0.8320827153135141,0.7868050900601574,0.2946405880595489,0.12618733431179163,0.3294801770740578,0.2631578947368421,0.2368421052631579,0.2631578947368421,0.2368421052631579,0.4608702913753296,protect,reduce_speed_or_load,2
26,0.7516662026429275,0.8721622856715889,0.16532524131150772,0.8346747586884923,0.8043730774783727,0.3543320896471787,0.12700719682447717,0.32720618262608736,0.2631578947368421,0.2368421052631579,0.2631578947368421,0.2368421052631579,0.450379781207117,protect,reduce_speed_or_load,2
27,0.7881613194107726,0.8148300011663439,0.15858999465669604,0.841410005343304,0.7850927415921458,0.3270400181444112,0.11226492120663181,0.32886427768807075,0.2631578947368421,0.2368421052631579,0.2631578947368421,0.2368421052631579,0.45683615686499507,protect,reduce_speed_or_load,2
28,0.7620335800529568,0.8304436550217611,0.18147753293825042,0.8185224670617496,0.7877789338667902,0.3245226949911826,0.10096693985318937,0.35824680068926373,0.2631578947368421,0.2368421052631579,0.2631578947368421,0.2368421052631579,0.44804772201110477,protect,reduce_speed_or_load,2
29,0.7679796941639505,0.8385075017260687,0.1595920265781631,0.8404079734218369,0.7719317789804702,0.31972110982461255,0.08941610171874301,0.38030076064451374,0.2631578947368421,0.2368421052631579,0.2631578947368421,0.2368421052631579,0.44968294775803297,protect,reduce_speed_or_load,2
30,0.758380600154856,0.8598840740292609,0.18726333872061063,0.8127366612793894,0.7819026963480774,0.33549053087480607,0.0973180255909433,0.3247753146880214,0.2631578947368421,0.2368421052631579,0.2631578947368421,0.2368421052631579,0.456476734431142,protect,reduce_speed_or_load,2
31,0.8177948462192699,0.8058792341571913,0.1794274133145907,0.8205725866854093,0.7738817458514274,0.2699035030657092,0.08768533331564501,0.30341573056238713,0.2631578947368421,0.2368421052631579,0.2631578947368421,0.2368421052631579,0.4848290346655659,protect,reduce_speed_or_load,2
32,0.7691106712481506,0.8504411235313379,0.17494946745486809,0.8250505325451319,0.7821900747117568,0.31927258162588984,0.10990390660495467,0.3310990119219264,0.2631578947368421,0.2368421052631579,0.2631578947368421,0.2368421052631579,0.45799189746243063,protect,reduce_speed_or_load,2
33,0.7408406459718643,0.8274626705082245,0.15854832450919867,0.8414516754908014,0.8238140584070065,0.31694030190967476,0.10063078651722462,0.3851289395243458,0.2631578947368421,0.2368421052631579,0.2631578947368421,0.2368421052631579,0.447930637656022,protect,reduce_speed_or_load,2
34,0.7855341821135813,0.8073793615925237,0.1672264427507766,0.8327735572492234,0.7850253186235178,0.2969803122989792,0.0979679423350293,0.3194704312129128,0.2631578947368421,0.2368421052631579,0.2631578947368421,0.2368421052631579,0.46839138026755484,protect,reduce_speed_or_load,2
35,0.7319622537011492,0.8311248168823319,0.20105651346617792,0.7989434865338221,0.8581674775473646,0.341132622630793,0.10871913849985711,0.3659628079175091,0.2631578947368421,0.2368421052631579,0.2631578947368421,0.2368421052631579,0.44220675874368165,protect,reduce_speed_or_load,2
36,0.7650142877849156,0.8241412690843493,0.1953664892521994,0.8046335107478007,0.8171225512261152,0.3641702046857273,0.11337185250031756,0.3677629863287984,0.2631578947368421,0.2368421052631579,0.2631578947368421,0.2368421052631579,0.43450029655128003,protect,reduce_speed_or_load,2
37,0.7078749756753367,0.8074944641588084,0.15925536085547579,0.8407446391445242,0.8129137317395885,0.3535043962199305,0.11851432736267416,0.33957683154172547,0.2631578947368421,0.2368421052631579,0.2631578947368421,0.2368421052631579,0.43680410003662096,protect,reduce_speed_or_load,2
38,0.7204662932724732,0.8172817283628763,0.18724537376684483,0.8127546262331552,0.7942290781353324,0.33586010634576013,0.13881397223388006,0.3649673298933244,0.2631578947368421,0.2368421052631579,0.2631578947368421,0.2368421052631579,0.4267966560182428,protect,reduce_speed_or_load,2
39,0.7550901241153161,0.8068007839499013,0.20487545341637653,0.7951245465836234,0.8277933395058947,0.34893238799383125,0.1387912306596659,0.3723277058949805,0.2631578947368421,0.2368421052631579,0.2631578947368421,0.2368421052631579,0.42745699115284536,protect,reduce_speed_or_load,2
40,0.764782828130815,0.8134721701110511,0.14599446427722268,0.8540055357227774,0.8048695992608825,0.3412891517375496,0.13094259821954807,0.3247004891429373,0.2631578947368421,0.2368421052631579,0.2631578947368421,0.2368421052631579,0.45037224662120845,protect,reduce_speed_or_load,2
41,0.7463732597908141,0.8210175793873647,0.20331703609559307,0.796682963904407,0.8216140630435078,0.3580830191225102,0.11965530498963148,0.33648658704895024,0.2631578947368421,0.2368421052631579,0.2631578947368421,0.2368421052631579,0.4382652662092246,protect,reduce_speed_or_load,2
42,0.734541204064292,0.835292023002616,0.17559476794518292,0.8244052320548171,0.8733547510763897,0.3381380148565907,0.11833731146794085,0.312240302863844,0.2631578947368421,0.2368421052631579,0.2631578947368421,0.2368421052631579,0.4607459491012331,protect,reduce_speed_or_load,2
43,0.7247845752376042,0.7820773407894345,0.20933978051120733,0.7906602194887926,0.823389544585686,0.3399257291745964,0.13636129242761794,0.33576605877144544,0.2631578947368421,0.2368421052631579,0.2631578947368421,0.2368421052631579,0.4299230675251456,protect,reduce_speed_or_load,2
44,0.6897281789176377,0.8403318759097522,0.17946085880334006,0.8205391411966599,0.8516226351097839,0.3678987864734111,0.1334466355035092,0.32923645276629815,0.2631578947368421,0.2368421052631579,0.2631578947368421,0.2368421052631579,0.43601701069090715,protect,reduce_speed_or_load,2
45,0.7025397314439334,0.7643384953936424,0.15750792339026876,0.8424920766097312,0.8180585437393775,0.35052017447378275,0.1263344752169151,0.33571635881866946,0.2631578947368421,0.2368421052631579,0.2631578947368421,0.2368421052631579,0.4310813536965347,protect,reduce_speed_or_load,2
46,0.7023010934196703,0.7942362986934409,0.16671523790156942,0.8332847620984306,0.8350549281229483,0.36258793858952665,0.12193763591372467,0.3515029092812248,0.2631578947368421,0.2368421052631579,0.2631578947368421,0.2368421052631579,0.4302690901305953,protect,reduce_speed_or_load,2
47,0.7329404535561134,0.8049974657150633,0.21412854453809912,0.7858714554619008,0.874939846259776,0.36143685433114414,0.1111700817111988,0.32100327697045006,0.2631578947368421,0.2368421052631579,0.2631578947368421,0.2368421052631579,0.4446714388501241,protect,reduce_speed_or_load,2
48,0.7071978535767396,0.7968447311369465,0.22574719232082235,0.7742528076791777,0.8308785037563832,0.38239586605925013,0.12913200095969085,0.36335297422169244,0.2631578947368421,0.2368421052631579,0.2631578947368421,0.2368421052631579,0.41355632734367903,protect,reduce_speed_or_load,2
49,0.6460213090888896,0.7778894496241516,0.20382578078901825,0.7961742192109817,0.8836736826432899,0.37010191859061764,0.1301531834301653,0.3335954618894775,0.2631578947368421,0.2368421052631579,0.2631578947368421,0.2368421052631579,0.4215464795843523,protect,reduce_speed_or_load,2
50,0.6890907701983466,0.7825867416419225,0.2504637741731932,0.7495362258268068,0.8656871018869519,0.40200700824146796,0.13007612432235754,0.3688690810778032,0.2631578947368421,0.2368421052631579,0.2631578947368421,0.2368421052631579,0.4045165855400662,protect,reduce_speed_or_load,2
51,0.6616736289196472,0.7746087561599531,0.20192933745587932,0.7980706625441207,0.8444778827121225,0.37673820188087864,0.13333591706986064,0.3869244941414459,0.2631578947368421,0.2368421052631579,0.2631578947368421,0.2368421052631579,0.4046450627069272,protect,reduce_speed_or_load,2
52,0.6441434209645004,0.7699297223492093,0.25168437668378746,0.7483156233162125,0.872645376720563,0.43311919627955664,0.1234162102142705,0.337089034264822,0.2631578947368421,0.2368421052631579,0.2631578947368421,0.2368421052631579,0.3989532025759274,protect,reduce_speed_or_load,2
53,0.665625852904458,0.7927827298809692,0.2338051605227314,0.7661948394772686,0.8837799751708458,0.3694744465379678,0.12070802062950559,0.3675069552374991,0.2631578947368421,0.2368421052631579,0.2631578947368421,0.2368421052631579,0.4165796232591598,protect,reduce_speed_or_load,2
54,0.6649413639556159,0.7807540309223627,0.2593527605575081,0.7406472394424919,0.8811450287644189,0.421562513532243,0.12460146585536638,0.39192174075238284,0.2631578947368421,0.2368421052631579,0.2631578947368421,0.2368421052631579,0.39394511905916874,protect,reduce_speed_or_load,2
55,0.6509244815466574,0.7585695591249485,0.2891465543577311,0.7108534456422688,0.8417190234497017,0.4087379885090718,0.1436020150557612,0.3665867594459242,0.2631578947368421,0.2368421052631579,0.2631578947368421,0.2368421052631579,0.384266009290934,protect,reduce_speed_or_load,2
56,0.5948756002722038,0.7838153496052694,0.27940091190092237,0.7205990880990776,0.8630165617763453,0.41163003963979766,0.16181593945103834,0.4287053870829856,0.2631578947368421,0.2368421052631579,0.2631578947368421,0.2368421052631579,0.3677128007981217,protect,reduce_speed_or_load,2
57,0.5961846889864887,0.7695913655440838,0.3047464870155542,0.6952535129844458,0.8770521026480055,0.42225874901713384,0.13313451637319268,0.40666382046200755,0.2631578947368421,0.2368421052631579,0.2631578947368421,0.2368421052631579,0.3719803410922647,protect,reduce_speed_or_load,2
58,0.600221593646738,0.7749765277105614,0.3533008884683456,0.6466991115316544,0.8849506134848214,0.4392058271766124,0.1351341007457125,0.38709592859353337,0.2631578947368421,0.2368421052631579,0.2631578947368421,0.2368421052631579,0.36772941821503935,protect,reduce_speed_or_load,2
59,0.6044510597316427,0.7678024656523407,0.32764727085619955,0.6723527291438005,0.9032694329190195,0.4427907110111941,0.14299385839852435,0.39196249048251314,0.2631578947368421,0.2368421052631579,0.2631578947368421,0.2368421052631579,0.37000746880953694,protect,reduce_speed_or_load,2
60,0.5564424949884305,0.7375028881565914,0.3768171686525628,0.6231828313474372,0.8987929398802691,0.47854438465785554,0.15160949675511787,0.4338074946872723,0.2631578947368421,0.2368421052631579,0.2631578947368421,0.2368421052631579,0.3381707982933103,recover,recovery_maneuver,1
61,0.552521637472291,0.7381223066089497,0.34123588583474995,0.65876411416525,0.8728675918713749,0.448910661156755,0.1604513833688691,0.42634519403996085,0.2631578947368421,0.2368421052631579,0.2631578947368421,0.2368421052631579,0.3440129475262303,recover,recovery_maneuver,1
62,0.5187746238701914,0.7572577907743501,0.3957334345335401,0.6042665654664598,0.9114531679533634,0.4890619593193624,0.1768113999832252,0.4400427419092031,0.3488372093023256,0.20930232558139536,0.23255813953488372,0.20930232558139536,0.31851225426058294,recover,recovery_maneuver,1
63,0.5064714667856008,0.750211076729712,0.430746620298122,0.569253379701878,0.9202615437657655,0.5439406275718842,0.18644609982217053,0.4191452583254727,0.3488372093023256,0.20930232558139536,0.23255813953488372,0.20930232558139536,0.3064361957104908,recover,recovery_maneuver,1
64,0.5474468689207803,0.7340818526036638,0.34410104173912415,0.6558989582608759,0.9233590638621691,0.493178300228436,0.16679446134321724,0.41843053852700773,0.3488372093023256,0.20930232558139536,0.23255813953488372,0.20930232558139536,0.332183228225688,recover,recovery_maneuver,1
65,0.5527407957641953,0.731620472210223,0.3958877073465129,0.6041122926534871,0.9377922710467552,0.48449639001462247,0.16636266963445293,0.38988205578668084,0.2631578947368421,0.2368421052631579,0.2631578947368421,0.2368421052631579,0.34292554143228776,recover,recovery_maneuver,1
66,0.509797283284857,0.7473774504468853,0.4386746471688427,0.5613253528311573,0.9367559250172284,0.5073369820528116,0.17802385008140198,0.4320254705102734,0.3488372093023256,0.20930232558139536,0.23255813953488372,0.20930232558139536,0.31211596702390604,recover,recovery_maneuver,1
67,0.5306117369569681,0.7084288087978108,0.4259426576174956,0.5740573423825044,0.933037095297222,0.49682975427487946,0.173305303950292,0.4175161129664142,0.3488372093023256,0.20930232558139536,0.23255813953488372,0.20930232558139536,0.3171801234330035,recover,recovery_maneuver,1
68,0.5097355886724273,0.7234583777194854,0.4452485452551417,0.5547514547448583,0.9260894868221443,0.5198233342952704,0.1778731682056418,0.4284727915309249,0.3488372093023256,0.20930232558139536,0.23255813953488372,0.20930232558139536,0.30669284543384323,recover,recovery_maneuver,1
69,0.4810439469702346,0.7043528628705495,0.4238878401437923,0.5761121598562077,0.8977646710962895,0.4944371428237531,0.15733506390959826,0.48459305782911394,0.3488372093023256,0.20930232558139536,0.23255813953488372,0.20930232558139536,0.29822265712456625,recover,recovery_maneuver,1
70,0.5040271313113999,0.6983193325772402,0.4421662434005309,0.5578337565994691,0.9429080147962962,0.5053301103162177,0.16493678861992114,0.4675857426624782,0.3488372093023256,0.20930232558139536,0.23255813953488372,0.20930232558139536,0.30360600468307736,recover,recovery_maneuver,1
71,0.5326189171957961,0.7161429348629688,0.4350964349267333,0.5649035650732668,0.9416311578179383,0.4668011573123555,0.1501607501963635,0.44470231737407695,0.3488372093023256,0.20930232558139536,0.23255813953488372,0.20930232558139536,0.3221408140458603,recover,recovery_maneuver,1
72,0.4937909470990861,0.7052535441028086,0.46516631086060295,0.534833689139397,0.9458905024570197,0.5283986757846353,0.143788560154831,0.4281630018890402,0.3092783505154639,0.18556701030927833,0.31958762886597936,0.18556701030927833,0.2999704207091829,recover,recovery_maneuver,1
73,0.535626826137136,0.6989987098716333,0.43738228120479267,0.5626177187952073,0.9177154933993219,0.5080736629680713,0.1456794546625597,0.43538253582409225,0.3488372093023256,0.20930232558139536,0.23255813953488372,0.20930232558139536,0.3140389369496807,recover,recovery_maneuver,1
74,0.43408596023539636,0.7017694920997435,0.4326922092765219,0.567307790723478,0.9242216330543459,0.5248114857576477,0.1348573868750279,0.4934953007949129,0.3488372093023256,0.20930232558139536,0.23255813953488372,0.20930232558139536,0.28965794196583045,recover,recovery_maneuver,1
75,0.5243581926169993,0.672550147922686,0.4055191135398385,0.5944808864601615,0.9692901294417701,0.5188417648775092,0.15301009945258928,0.4360711826152406,0.3488372093023256,0.20930232558139536,0.23255813953488372,0.20930232558139536,0.31538533001976904,recover,recovery_maneuver,1
76,0.5112782637836724,0.6783665450623559,0.39371003155783835,0.6062899684421617,0.9496040568323306,0.46963768792667065,0.1579846970229085,0.48541796227640693,0.3488372093023256,0.20930232558139536,0.23255813953488372,0.20930232558139536,0.3123880637755345,recover,recovery_maneuver,1
77,0.5078607303835888,0.654478068428497,0.3839041402936292,0.6160958597063708,0.9659693383235826,0.46350349950442077,0.142741542681986,0.4476162490816901,0.3488372093023256,0.20930232558139536,0.23255813953488372,0.20930232558139536,0.3211522805018685,recover,recovery_maneuver,1
78,0.5246751890552753,0.6599569168715189,0.39236372655778223,0.6076362734422178,0.9546187652162991,0.4902199533915652,0.15221263254218334,0.44144777158107645,0.3488372093023256,0.20930232558139536,0.23255813953488372,0.20930232558139536,0.31780684179191454,recover,recovery_maneuver,1
79,0.4804084285721354,0.6459622076345138,0.35897239935203923,0.6410276006479607,0.9561228707962438,0.5111637343822599,0.13132699964579367,0.4423985986684612,0.3488372093023256,0.20930232558139536,0.23255813953488372,0.20930232558139536,0.31271715204047923,recover,recovery_maneuver,1
80,0.5328478556564641,0.644393864664272,0.3631932755977304,0.6368067244022696,0.9755249546465766,0.504050361488059,0.1572057432254904,0.43164756385058195,0.3488372093023256,0.20930232558139536,0.23255813953488372,0.20930232558139536,0.3215745341097291,recover,recovery_maneuver,1
81,0.5558875116049989,0.6479003466848846,0.3939857605026529,0.6060142394973471,0.9474205284385246,0.46657827221930837,0.1830300598286071,0.4298890054859815,0.2631578947368421,0.2368421052631579,0.2631578947368421,0.2368421052631579,0.32873462302977935,recover,recovery_maneuver,1
82,0.5927594690922993,0.6172307114086899,0.34996194888908444,0.6500380511109156,0.9603915533767561,0.46615548039119653,0.15611833725285507,0.43293998028534386,0.2631578947368421,0.2368421052631579,0.2631578947368421,0.2368421052631579,0.34093745293487654,recover,recovery_maneuver,1
83,0.5517996066381989,0.6646579351099666,0.30626159533621033,0.6937384046637897,0.949692385181371,0.447626707534059,0.16178000586752805,0.4358855616253281,0.2631578947368421,0.2368421052631579,0.2631578947368421,0.2368421052631579,0.34719697425623597,recover,recovery_maneuver,1
84,0.5534475786095452,0.6042193438153204,0.33100801528102686,0.6689919847189731,0.9504537229800194,0.4525051936193667,0.14175261372816586,0.4173554531147562,0.2631578947368421,0.2368421052631579,0.2631578947368421,0.2368421052631579,0.34296187921616134,recover,recovery_maneuver,1
85,0.5698568636737144,0.5961298197867925,0.27784455645314143,0.7221554435468586,0.9528994102957925,0.44827052874375384,0.15241001183520503,0.3947215523676588,0.2631578947368421,0.2368421052631579,0.2631578947368421,0.2368421052631579,0.3542537041571074,protect,reduce_speed_or_load,2
86,0.6137545032708039,0.6348386865766067,0.22480356873502494,0.7751964312649751,0.9631950874211798,0.4104522425637441,0.15535324834601746,0.3524067939647982,0.2631578947368421,0.2368421052631579,0.2631578947368421,0.2368421052631579,0.38785857697138215,protect,reduce_speed_or_load,2
87,0.607189044754711,0.6246211605501927,0.23901543616541343,0.7609845638345866,0.9485746958892455,0.3773780437404256,0.15430683099105513,0.4092950992432959,0.2631578947368421,0.2368421052631579,0.2631578947368421,0.2368421052631579,0.3774612386138827,protect,reduce_speed_or_load,2
88,0.5933783651792022,0.6183718029999131,0.20673979716644109,0.7932602028335589,0.9823875008621987,0.4272506826202304,0.1548009656433732,0.3692914560221975,0.2631578947368421,0.2368421052631579,0.2631578947368421,0.2368421052631579,0.38129229464121117,protect,reduce_speed_or_load,2
89,0.626591683352972,0.6156142682343092,0.23489772033931633,0.7651022796606837,0.938226540146809,0.421904075209106,0.14025285232168416,0.35420756713770596,0.2631578947368421,0.2368421052631579,0.2631578947368421,0.2368421052631579,0.38314745643023007,protect,reduce_speed_or_load,2
90,0.6227592833772353,0.6016571599134947,0.23523336875224646,0.7647666312477536,0.9509496636135268,0.38736602169019796,0.12629927746490574,0.40612680130593515,0.2631578947368421,0.2368421052631579,0.2631578947368421,0.2368421052631579,0.3817398077321032,protect,reduce_speed_or_load,2
91,0.6505191042182442,0.5837097700122943,0.26868734269684563,0.7313126573031543,0.9441818257948016,0.40590715366193114,0.13209246318637047,0.4505457546363042,0.2631578947368421,0.2368421052631579,0.2631578947368421,0.2368421052631579,0.36484407638416727,protect,reduce_speed_or_load,2
92,0.6140975556581452,0.5996136382736094,0.22785456983696004,0.7721454301630399,0.9799254386596762,0.4084489345508214,0.12059680968386444,0.39293114046218947,0.2631578947368421,0.2368421052631579,0.2631578947368421,0.2368421052631579,0.3844490284727112,protect,reduce_speed_or_load,2
93,0.6281676385451695,0.5848468466953042,0.20797971418370337,0.7920202858162966,0.9526459166750596,0.39254193367645096,0.11761923989272244,0.41268869561130567,0.2631578947368421,0.2368421052631579,0.2631578947368421,0.2368421052631579,0.3837411849130167,protect,reduce_speed_or_load,2
94,0.6306310172608718,0.6137590544869403,0.22879610647574727,0.7712038935242527,0.9667998352557265,0.3836694747438903,0.10478224868941324,0.3900397471629933,0.2631578947368421,0.2368421052631579,0.2631578947368421,0.2368421052631579,0.3956615350475577,protect,reduce_speed_or_load,2
95,0.6072934637425366,0.5930975546975695,0.1481623836026366,0.8518376163973634,0.9136189524599596,0.3645512259077949,0.08972323177024302,0.39917232520535645,0.2631578947368421,0.2368421052631579,0.2631578947368421,0.2368421052631579,0.3997070644953391,protect,reduce_speed_or_load,2
96,0.6541212750362764,0.5807674748062127,0.20542955833759657,0.7945704416624034,0.9455575947404384,0.3767114008763998,0.1074154180122476,0.40880133775703553,0.2631578947368421,0.2368421052631579,0.2631578947368421,0.2368421052631579,0.3923723689506697,protect,reduce_speed_or_load,2
97,0.6554927811096481,0.5900410807346944,0.21556781808223824,0.7844321819177618,0.954615168884659,0.40100356731131853,0.1023861308204163,0.3814190175128707,0.2631578947368421,0.2368421052631579,0.2631578947368421,0.2368421052631579,0.3951420925291876,protect,reduce_speed_or_load,2
98,0.6507794665096425,0.603746276548287,0.15668697806937515,0.8433130219306249,0.9347942387090137,0.37262843849123567,0.0876104022773728,0.387094312521075,0.2631578947368421,0.2368421052631579,0.2631578947368421,0.2368421052631579,0.4100903007761247,protect,reduce_speed_or_load,2
99,0.6459376485326148,0.5869089995404644,0.220141382878633,0.7798586171213671,0.9505049077878872,0.37831787810121903,0.09903153004800602,0.3989276621500568,0.2631578947368421,0.2368421052631579,0.2631578947368421,0.2368421052631579,0.39404302369251226,protect,reduce_speed_or_load,2
100,0.6170636477181701,0.5832184457237064,0.1983921411794515,0.8016078588205485,0.9146178889255872,0.40289187583619007,0.09454500293096521,0.39431538749799344,0.2631578947368421,0.2368421052631579,0.2631578947368421,0.2368421052631579,0.3848735010421366,protect,reduce_speed_or_load,2
101,0.6421015102473108,0.6035500274607603,0.17836705793406937,0.8216329420659306,0.9486416603155858,0.32180511747358276,0.09383620104239605,0.40402403148638394,0.2631578947368421,0.2368421052631579,0.2631578947368421,0.2368421052631579,0.4137121279077407,protect,reduce_speed_or_load,2
102,0.6437716485077849,0.6048630661981523,0.20378278990934012,0.7962172100906599,0.961647721425388,0.4012550489447284,0.09454714327254748,0.38045492388021684,0.2631578947368421,0.2368421052631579,0.2631578947368421,0.2368421052631579,0.399710755470101,protect,reduce_speed_or_load,2
103,0.6315824802051354,0.5927248303629943,0.2443028611633606,0.7556971388366394,0.9033535738318805,0.3668607250763182,0.09235607061236124,0.39581792578527764,0.2631578947368421,0.2368421052631579,0.2631578947368421,0.2368421052631579,0.3878137344378119,protect,reduce_speed_or_load,2
104,0.6465083001972698,0.5948348151458145,0.19198365828367372,0.8080163417163263,0.8963682493707288,0.36923767963055665,0.08766868910346577,0.4106195338800168,0.2631578947368421,0.2368421052631579,0.2631578947368421,0.2368421052631579,0.3940771663480966,protect,reduce_speed_or_load,2
105,0.6591636824176835,0.6089837090162118,0.19385106860058338,0.8061489313994166,0.9287434765196533,0.3513960845301964,0.08776387463031958,0.3671969108154817,0.2631578947368421,0.2368421052631579,0.2631578947368421,0.2368421052631579,0.41509357258741203,protect,reduce_speed_or_load,2
106,0.6943761508785019,0.5802273919165303,0.1766620269485737,0.8233379730514263,0.9253968058226596,0.32936464472673654,0.08820069956276115,0.3797508542488165,0.2631578947368421,0.2368421052631579,0.2631578947368421,0.2368421052631579,0.42062362705476813,protect,reduce_speed_or_load,2
107,0.6493945626407226,0.5824022347203253,0.16768387515436978,0.8323161248456302,0.8772128452089,0.38778378841873706,0.1010787664638702,0.40272012960735803,0.2631578947368421,0.2368421052631579,0.2631578947368421,0.2368421052631579,0.3888924230296739,protect,reduce_speed_or_load,2
108,0.6489355880021195,0.5961725962287932,0.21075349617880018,0.7892465038211998,0.872869658601624,0.37242697371279654,0.09765789263242375,0.4292748735220753,0.2631578947368421,0.2368421052631579,0.2631578947368421,0.2368421052631579,0.3824446820894377,protect,reduce_speed_or_load,2
109,0.6377653310462226,0.6065239656623347,0.16994281814840412,0.8300571818515958,0.8689839082123654,0.3782679458810776,0.11479052799307143,0.4129745385671879,0.2631578947368421,0.2368421052631579,0.2631578947368421,0.2368421052631579,0.38600143267194603,protect,reduce_speed_or_load,2
110,0.5884510924257705,0.6170888263835629,0.1947773448880907,0.8052226551119093,0.8408245704954411,0.39787276482257095,0.10954319161687975,0.4262150504023354,0.2631578947368421,0.2368421052631579,0.2631578947368421,0.2368421052631579,0.36824581579460974,protect,reduce_speed_or_load,2
111,0.632213706332204,0.6390148196851058,0.1829969512902471,0.8170030487097529,0.8421880506490215,0.3869045508966578,0.12038957253361038,0.42301048378490297,0.2631578947368421,0.2368421052631579,0.2631578947368421,0.2368421052631579,0.37931010145713734,protect,reduce_speed_or_load,2
112,0.630495909135445,0.6286788867920827,0.20918758843023508,0.7908124115697649,0.8330860134287894,0.38873437686529067,0.14351531040821763,0.4434526580527925,0.2631578947368421,0.2368421052631579,0.2631578947368421,0.2368421052631579,0.3645468071243742,protect,reduce_speed_or_load,2
113,0.6863348588103397,0.6109415627540272,0.2081749779319417,0.7918250220680583,0.8301886152183017,0.34271488655489796,0.13855821315064348,0.41452769756326513,0.2631578947368421,0.2368421052631579,0.2631578947368421,0.2368421052631579,0.3852249396127379,protect,reduce_speed_or_load,2
114,0.6153490657743284,0.6138374770185542,0.228761946114739,0.771238053885261,0.8370035615259483,0.4173039805125202,0.1471483230224643,0.42562148925621096,0.2631578947368421,0.2368421052631579,0.2631578947368421,0.2368421052631579,0.3560227745405242,protect,reduce_speed_or_load,2
115,0.6227307043551172,0.5962592656678698,0.19345914939844747,0.8065408506015526,0.8343214692519374,0.376381641655655,0.14159139098573328,0.39620553069631304,0.2631578947368421,0.2368421052631579,0.2631578947368421,0.2368421052631579,0.37350007993524964,protect,reduce_speed_or_load,2
116,0.6089757653907916,0.6138508283437912,0.20327300746161225,0.7967269925383877,0.8523860229505744,0.3656180973633396,0.14370509047669647,0.3983522602672192,0.2631578947368421,0.2368421052631579,0.2631578947368421,0.2368421052631579,0.37594885534065664,protect,reduce_speed_or_load,2
117,0.574883190418606,0.6086127847375592,0.18981452497110896,0.810185475028891,0.7929599456882892,0.3945789627342981,0.14439026776439917,0.43776792846865586,0.2631578947368421,0.2368421052631579,0.2631578947368421,0.2368421052631579,0.35231957220981414,protect,reduce_speed_or_load,2
118,0.6265197846078825,0.6189808503287603,0.20792307629072143,0.7920769237092786,0.823991577339965,0.4154715424934531,0.13676695887028492,0.4088686006107393,0.2631578947368421,0.2368421052631579,0.2631578947368421,0.2368421052631579,0.3646264653914935,protect,reduce_speed_or_load,2
119,0.6101771101457522,0.5973792537387483,0.23372215340777844,0.7662778465922215,0.7912472243289218,0.4182277785931462,0.1464017820612125,0.4390305220029771,0.2631578947368421,0.2368421052631579,0.2631578947368421,0.2368421052631579,0.34492387859940243,recover,recovery_maneuver,1
120,0.6041537583418849,0.6204467743980454,0.2490144727320928,0.7509855272679072,0.7856219020208745,0.40383046468501194,0.15365388451136244,0.44433527603240197,0.2631578947368421,0.2368421052631579,0.2631578947368421,0.2368421052631579,0.3445025007510783,recover,recovery_maneuver,1
121,0.5542028028129091,0.6372476734513458,0.21340338247954585,0.7865966175204542,0.7910745071861519,0.4114053786468175,0.12834650927642793,0.45838040665935975,0.2631578947368421,0.2368421052631579,0.2631578947368421,0.2368421052631579,0.34588740037352095,recover,recovery_maneuver,1
122,0.6041201486185092,0.6059917485695223,0.2651573894601835,0.7348426105398165,0.7459958314372372,0.4094952772303123,0.13976431827712021,0.45731044572768875,0.2631578947368421,0.2368421052631579,0.2631578947368421,0.2368421052631579,0.3351820229288338,recover,recovery_maneuver,1
123,0.5256656870326091,0.6132042519711907,0.2848810017598092,0.7151189982401909,0.7669003002193118,0.4887904231948426,0.13199020883433096,0.4881324665422228,0.3488372093023256,0.20930232558139536,0.23255813953488372,0.20930232558139536,0.30278041699239727,recover,recovery_maneuver,1
124,0.5665927045257722,0.6161557357293164,0.26952896170301804,0.7304710382969819,0.7533391551136268,0.4378188781653404,0.15558247825348948,0.46785197055506716,0.2631578947368421,0.2368421052631579,0.2631578947368421,0.2368421052631579,0.32295235538680395,recover,recovery_maneuver,1
125,0.5974420239972205,0.5940101419452185,0.314958597352006,0.6850414026479941,0.7506018179416926,0.4414995316831374,0.1651220760841515,0.43016916536318617,0.2631578947368421,0.2368421052631579,0.2631578947368421,0.2368421052631579,0.3220538773966956,recover,recovery_maneuver,1
126,0.5082330837392462,0.602508244610646,0.2581889762166059,0.7418110237833941,0.7372939912115429,0.4680370027409735,0.18598915816365238,0.4705964018171141,0.3488372093023256,0.20930232558139536,0.23255813953488372,0.20930232558139536,0.29663081670074737,recover,recovery_maneuver,1
127,0.5087223106253467,0.5956919898373477,0.2565622503648889,0.7434377496351111,0.7714219453358306,0.45308364694160996,0.17463687504407566,0.4790781691545229,0.3488372093023256,0.20930232558139536,0.23255813953488372,0.20930232558139536,0.3021142455169861,recover,recovery_maneuver,1
128,0.5148373794217248,0.5939677232565268,0.253998944078933,0.746001055921067,0.700448097094522,0.4409786993002305,0.17336752997847685,0.47366980953843396,0.3488372093023256,0.20930232558139536,0.23255813953488372,0.20930232558139536,0.2988517723074497,recover,recovery_maneuver,1
129,0.48882935144550815,0.5747986379375627,0.347285672104768,0.652714327895232,0.6935873074564277,0.481841964240703,0.18748384361229292,0.5375900927716161,0.3488372093023256,0.20930232558139536,0.23255813953488372,0.20930232558139536,0.26634092602520704,recover,recovery_maneuver,1
130,0.45134959882132664,0.5854221448543807,0.33826823945679607,0.6617317605432039,0.6829034043974411,0.4954441664046175,0.18974789096143774,0.5664316499516713,0.3488372093023256,0.20930232558139536,0.23255813953488372,0.20930232558139536,0.25617163594153824,recover,recovery_maneuver,1
131,0.480191383607243,0.5899840945391162,0.3331198751196785,0.6668801248803216,0.6756087305269061,0.48345563401036756,0.18245426900814204,0.5515871197893931,0.3488372093023256,0.20930232558139536,0.23255813953488372,0.20930232558139536,0.26493318313684655,recover,recovery_maneuver,1
132,0.4399788727826192,0.6029572936330027,0.3546448446860473,0.6453551553139527,0.6655551551635404,0.5193917104276055,0.1758937837313953,0.5378948140593715,0.3488372093023256,0.20930232558139536,0.23255813953488372,0.20930232558139536,0.25482322222722714,recover,recovery_maneuver,1
133,0.46617574940661993,0.5897042870719258,0.3331308824767874,0.6668691175232127,0.6939406309883427,0.49039012356258777,0.15358175506520821,0.5567113293836218,0.3488372093023256,0.20930232558139536,0.23255813953488372,0.20930232558139536,0.26645141526412974,recover,recovery_maneuver,1
134,0.41893772976363164,0.6065865565440163,0.4364619677658701,0.5635380322341299,0.6907412101393113,0.5536590137647789,0.14403429598466438,0.5566269804053219,0.3488372093023256,0.20930232558139536,0.23255813953488372,0.20930232558139536,0.24341268002612984,recover,recovery_maneuver,1
135,0.46809974052540193,0.5492074604777942,0.39295829843845914,0.6070417015615408,0.6434411979670784,0.5064158556586997,0.1128056417353826,0.5500861623889032,0.3488372093023256,0.20930232558139536,0.23255813953488372,0.20930232558139536,0.2554212313825229,recover,recovery_maneuver,1
136,0.3970962807831671,0.5737184017361148,0.4071547242500162,0.5928452757499838,0.6311286964165922,0.5408083584880913,0.1400137078806833,0.5656760486456403,0.3488372093023256,0.20930232558139536,0.23255813953488372,0.20930232558139536,0.23528631021493637,recover,recovery_maneuver,1
137,0.3959124575768591,0.556128586429143,0.43745295828752506,0.5625470417124749,0.6505583946896566,0.5135706004512236,0.14155926264628615,0.5758069250534829,0.3488372093023256,0.20930232558139536,0.23255813953488372,0.20930232558139536,0.23375663730921686,recover,recovery_maneuver,1
138,0.41161435428583876,0.5868805968196801,0.4463262333391072,0.5536737666608929,0.6239134131083038,0.5629048381845402,0.13660099585671862,0.5706090077668843,0.3488372093023256,0.20930232558139536,0.23255813953488372,0.20930232558139536,0.23160491096607017,recover,recovery_maneuver,1
139,0.34791254502269425,0.5273841185895096,0.4548928659258711,0.5451071340741289,0.6419553698451541,0.5795957425538187,0.14969650616481517,0.6107551422786015,0.3092783505154639,0.18556701030927833,0.31958762886597936,0.18556701030927833,0.21315899384318365,recover,recovery_maneuver,1
140,0.37194563513924106,0.5211319496111152,0.4444243552674914,0.5555756447325086,0.6282409201726125,0.5788406343101594,0.1591232929058241,0.6065821834117503,0.3488372093023256,0.20930232558139536,0.23255813953488372,0.20930232558139536,0.21305553685877132,recover,recovery_maneuver,1
141,0.3867538631128676,0.5196267574529249,0.49064721687975027,0.5093527831202498,0.5893338272995781,0.517908044611144,0.1864125701717505,0.6159805005366324,0.28301886792452824,0.16981132075471697,0.29245283018867924,0.25471698113207547,0.21409813560968002,recover,recovery_maneuver,1
142,0.30202062812373287,0.4862222224754356,0.5402537352559181,0.45974626474408187,0.6466767280979148,0.6557041012809284,0.20417400181079398,0.6505325642771203,0.3092783505154639,0.18556701030927833,0.31958762886597936,0.18556701030927833,0.17947913359926793,recover,recovery_maneuver,1
143,0.3353476215495571,0.5089060680607637,0.5407318302815569,0.4592681697184431,0.6483620223907202,0.6030894761944734,0.2128937770081042,0.6502685730020452,0.3092783505154639,0.18556701030927833,0.31958762886597936,0.18556701030927833,0.1886437383823249,recover,recovery_maneuver,1
144,0.32621937185625827,0.49851750810691287,0.5602514078890285,0.4397485921109715,0.5975715224330508,0.6352643799203863,0.2092892404817419,0.6660962499435197,0.28301886792452824,0.16981132075471697,0.29245283018867924,0.25471698113207547,0.18234222690109858,recover,recovery_maneuver,1
145,0.3287981647271868,0.5086112744530574,0.520281580368138,0.479718419631862,0.6001426015149242,0.5828284964332135,0.1988782172407155,0.607774697509663,0.3092783505154639,0.18556701030927833,0.31958762886597936,0.18556701030927833,0.19282442042384212,recover,recovery_maneuver,1
146,0.26846974474962293,0.5057042614470976,0.5201622031735963,0.4798377968264037,0.6123875077353199,0.6354633323018203,0.221061259998925,0.602053169900922,0.3092783505154639,0.18556701030927833,0.31958762886597936,0.18556701030927833,0.18053651067298704,recover,recovery_maneuver,1
147,0.2572011448833749,0.5269154767169978,0.5526878400999637,0.44731215990003625,0.6128508070426141,0.6201621936391801,0.21654561065463548,0.6752951241363745,0.3092783505154639,0.18556701030927833,0.31958762886597936,0.18556701030927833,0.17277256933191526,recover,recovery_maneuver,1
148,0.2948215053097642,0.5038051019106116,0.567141493293852,0.432858506706148,0.6195513550453063,0.6182252645437977,0.21232521881884606,0.6235622372511791,0.3092783505154639,0.18556701030927833,0.31958762886597936,0.18556701030927833,0.17846614305913502,recover,recovery_maneuver,1
149,0.28155744346668576,0.4698465280200805,0.601908274426884,0.398091725573116,0.647535700171225,0.6800713836688645,0.20964251008054868,0.6560735388789493,0.3092783505154639,0.18556701030927833,0.31958762886597936,0.18556701030927833,0.1656281614057052,recover,recovery_maneuver,1
150,0.27360661643911977,0.4575926325295616,0.5398491541990982,0.4601508458009018,0.6054766409096541,0.6253489318831057,0.17945256560863818,0.6434535882930245,0.3092783505154639,0.18556701030927833,0.31958762886597936,0.18556701030927833,0.17520629695286385,recover,recovery_maneuver,1
151,0.2701140508515164,0.47617236751891395,0.6267326386947892,0.37326736130521077,0.5954623655481909,0.6618248967759913,0.18315250612680106,0.6433125595559542,0.28301886792452824,0.16981132075471697,0.29245283018867924,0.25471698113207547,0.16804484613424273,recover,recovery_maneuver,1
152,0.23949600304491794,0.43714880917320365,0.5895383067132471,0.41046169328675286,0.5869747171466708,0.6733049961435679,0.1738681627505152,0.7044947823528349,0.2608695652173913,0.23478260869565218,0.26956521739130435,0.23478260869565218,0.1620782235094232,recover,recovery_maneuver,1
153,0.25831222478942173,0.4875374058426897,0.5864214117506659,0.41357858824933413,0.6037821165657559,0.6584184803237396,0.17768788139349007,0.6874488891049957,0.3092783505154639,0.18556701030927833,0.31958762886597936,0.18556701030927833,0.16428325874759542,recover,recovery_maneuver,1
154,0.256829378251963,0.4695439809751964,0.5739688589882506,0.42603114101174944,0.6222669006459101,0.6487824114330786,0.16488523795441243,0.6586499063820935,0.3092783505154639,0.18556701030927833,0.31958762886597936,0.18556701030927833,0.16914903540539866,recover,recovery_maneuver,1
155,0.22964117881658355,0.433718543863821,0.5586285879191737,0.4413714120808263,0.664016363823295,0.658066798228226,0.1493245956602805,0.6216589180941383,0.28301886792452824,0.25471698113207547,0.29245283018867924,0.16981132075471697,0.1717980384860333,recover,recovery_maneuver,1
156,0.2931468872693222,0.40530561408611965,0.619850739511243,0.38014926048875697,0.6236095527065761,0.6902179000155443,0.15758851443428773,0.6690390325052498,0.28301886792452824,0.25471698113207547,0.29245283018867924,0.16981132075471697,0.16023074123156159,recover,recovery_maneuver,1
157,0.2583516094471906,0.4546404972890228,0.5989264033541768,0.4010735966458232,0.6448847118679131,0.6524456991367995,0.17494076767406327,0.678927470406457,0.3092783505154639,0.18556701030927833,0.31958762886597936,0.18556701030927833,0.16443124665225595,recover,recovery_maneuver,1
158,0.2177138566266938,0.4225096207448447,0.561239512558613,0.43876048744138696,0.6471043429514807,0.6604851613414819,0.1650905166775144,0.6545653362185652,0.28301886792452824,0.25471698113207547,0.29245283018867924,0.16981132075471697,0.16428093864836607,abort,safe_stop,0
159,0.265866379200769,0.4413451320435172,0.5561169690481257,0.4438830309518743,0.6787638027796087,0.655839985127245,0.16401672302842568,0.6605379502480955,0.28301886792452824,0.25471698113207547,0.29245283018867924,0.16981132075471697,0.1744641427810713,recover,recovery_maneuver,1
160,0.2279767361417282,0.385070393948691,0.5737662576609683,0.42623374233903166,0.7135964537614821,0.6768735095108969,0.15673600591122624,0.6742511207140843,0.28301886792452824,0.25471698113207547,0.29245283018867924,0.16981132075471697,0.1628622024401076,recover,recovery_maneuver,1
161,0.2758090823787809,0.397918574722959,0.6162792137886292,0.38372078621137085,0.6609575981329937,0.6737684426085114,0.18126562613094926,0.6885035013743825,0.28301886792452824,0.25471698113207547,0.29245283018867924,0.16981132075471697,0.1587844070891585,recover,recovery_maneuver,1
162,0.2897364448780039,0.4039883958766148,0.5592589226708565,0.44074107732914347,0.670712648854463,0.640360150197558,0.17939416192721847,0.6628039029990392,0.28301886792452824,0.25471698113207547,0.29245283018867924,0.16981132075471697,0.1722796101314333,recover,recovery_maneuver,1
163,0.2456932110078452,0.40019232981390623,0.5182545287455926,0.48174547125440736,0.7106721329408924,0.6119039405864598,0.1659440343643915,0.6388584913975718,0.28301886792452824,0.25471698113207547,0.29245283018867924,0.16981132075471697,0.17918584760113576,recover,recovery_maneuver,1
164,0.2964742329576542,0.38697918561000105,0.538759769103193,0.461240230896807,0.7130249605345912,0.6491446851705329,0.17134292761748174,0.6724114645436243,0.28301886792452824,0.25471698113207547,0.29245283018867924,0.16981132075471697,0.17587903854151024,recover,recovery_maneuver,1
165,0.2895662570799483,0.40231973046229075,0.5262456341482096,0.4737543658517904,0.7461782251468343,0.5977292081627104,0.1628723098761535,0.6338414795492949,0.28301886792452824,0.25471698113207547,0.29245283018867924,0.16981132075471697,0.18780597280966246,recover,recovery_maneuver,1
166,0.30726457961095494,0.36822527866126276,0.4530025411523348,0.5469974588476652,0.7309848280669988,0.5936477112908869,0.14519233391295266,0.6314691481771376,0.28301886792452824,0.25471698113207547,0.29245283018867924,0.16981132075471697,0.19611591609303142,recover,recovery_maneuver,1
167,0.34213721822735876,0.3815292156955023,0.50574391876855,0.49425608123145004,0.722333072157434,0.5782489457791912,0.15257090752497832,0.610035367673242,0.28301886792452824,0.25471698113207547,0.29245283018867924,0.16981132075471697,0.1970306308916408,recover,recovery_maneuver,1
168,0.2970508170908855,0.3832301613636507,0.4874379636077233,0.5125620363922767,0.7516392500544057,0.6019463476212611,0.1654149902627549,0.6229143563764581,0.28301886792452824,0.25471698113207547,0.29245283018867924,0.16981132075471697,0.1921214731949665,recover,recovery_maneuver,1
169,0.2931980026512724,0.3876262219708443,0.49627907364169277,0.5037209263583072,0.7723452289361433,0.6133117859433208,0.163355684262988,0.6104223299027126,0.28301886792452824,0.25471698113207547,0.29245283018867924,0.16981132075471697,0.19277997911018055,recover,recovery_maneuver,1
170,0.2989700480304433,0.38880888697869503,0.5104317695760444,0.4895682304239556,0.7769059144391658,0.6155139778908707,0.14765299137321894,0.6236503960837009,0.28301886792452824,0.25471698113207547,0.29245283018867924,0.16981132075471697,0.19220298591619397,recover,recovery_maneuver,1
171,0.3102122406398277,0.3537228867978722,0.4774944436244191,0.5225055563755809,0.7808885932116335,0.6025121440929148,0.14725862146617813,0.659753480556121,0.28301886792452824,0.25471698113207547,0.29245283018867924,0.16981132075471697,0.19228156592263992,recover,recovery_maneuver,1
172,0.3382353430769184,0.3446510397200709,0.42763327968073783,0.5723667203192622,0.8021861635722983,0.5973600219716627,0.15736606793434263,0.5788665965389178,0.3157894736842105,0.28421052631578947,0.21052631578947367,0.18947368421052632,0.20451557029728357,recover,recovery_maneuver,1
173,0.358326335940237,0.39389064189297557,0.39173057935147576,0.6082694206485242,0.81415131205665,0.5573533951624339,0.14693077090598697,0.5487966889324983,0.3157894736842105,0.28421052631578947,0.21052631578947367,0.18947368421052632,0.22521185570748525,recover,recovery_maneuver,1
174,0.36635331574913643,0.3758247083964387,0.4688846697926281,0.5311153302073719,0.8280645408426845,0.5664340149137375,0.16418764648232315,0.6201525412361378,0.28301886792452824,0.25471698113207547,0.29245283018867924,0.16981132075471697,0.2107198343903171,recover,recovery_maneuver,1
175,0.3896839575965609,0.3556365378902478,0.39140735526368403,0.6085926447363159,0.8227345827072188,0.5545240188268761,0.1392689781626957,0.5736957584548877,0.3157894736842105,0.28421052631578947,0.21052631578947367,0.18947368421052632,0.22410036569718841,recover,recovery_maneuver,1
176,0.37875498684357906,0.39660229658987395,0.3759659293563233,0.6240340706436767,0.8153799682477249,0.557792671194107,0.14678128835744658,0.558289441265473,0.3157894736842105,0.28421052631578947,0.21052631578947367,0.18947368421052632,0.22899925185516903,recover,recovery_maneuver,1
177,0.42397987204026105,0.3706304593931375,0.3611102377432899,0.6388897622567101,0.8301816990373836,0.4923459840300877,0.13032132879677016,0.5786865419715005,0.3157894736842105,0.28421052631578947,0.21052631578947367,0.18947368421052632,0.24122707503106358,recover,recovery_maneuver,1
178,0.38995263410423353,0.3899235777429285,0.3532518436890641,0.6467481563109359,0.8594069210120518,0.5356117902781892,0.14775270344685254,0.5432547581708951,0.3157894736842105,0.28421052631578947,0.21052631578947367,0.18947368421052632,0.23935651505615524,recover,recovery_maneuver,1
179,0.47314751367390606,0.3703256470680295,0.331850062785618,0.668149937214382,0.8264140894633256,0.49901707425690967,0.15372842655598776,0.5762782848658117,0.3157894736842105,0.28421052631578947,0.21052631578947367,0.18947368421052632,0.24760270474291113,recover,recovery_maneuver,1
180,0.42893699533791424,0.4068675597324952,0.3089298782523861,0.6910701217476138,0.8569938255895478,0.49050535975187626,0.16433829818339402,0.5474575810247332,0.3157894736842105,0.28421052631578947,0.21052631578947367,0.18947368421052632,0.25380544930430576,recover,recovery_maneuver,1
181,0.3995271775009891,0.40226591481227697,0.2981445791526031,0.7018554208473968,0.8479605542732088,0.5283486605180663,0.1550870535284565,0.5346166656326765,0.3157894736842105,0.28421052631578947,0.21052631578947367,0.18947368421052632,0.2474783444040597,recover,recovery_maneuver,1
182,0.4012837797136969,0.36729707444012394,0.30035432465106293,0.6996456753489371,0.8619008107232428,0.5009245470305498,0.16271830071258359,0.5915336199912224,0.3157894736842105,0.28421052631578947,0.21052631578947367,0.18947368421052632,0.24020835823988765,recover,recovery_maneuver,1
183,0.44658649289286634,0.3905684457381445,0.27784004026026354,0.7221599597397365,0.8916428892321616,0.48146632174648285,0.16081856913133213,0.5067499793406807,0.3157894736842105,0.28421052631578947,0.21052631578947367,0.18947368421052632,0.26663481545557804,recover,recovery_maneuver,1
184,0.43470364220167795,0.386171142503914,0.2648396963855898,0.7351603036144102,0.8738578010601237,0.4764460259696415,0.16086925071762873,0.5407346676216291,0.3157894736842105,0.28421052631578947,0.21052631578947367,0.18947368421052632,0.26049558082842617,recover,recovery_maneuver,1
185,0.46313002274768517,0.40081524977716415,0.2776324252376737,0.7223675747623264,0.874113635113998,0.4731333902884017,0.15939139188605445,0.5219839448399998,0.3157894736842105,0.28421052631578947,0.21052631578947367,0.18947368421052632,0.2682126124642649,recover,recovery_maneuver,1
186,0.46125187760411557,0.3605665537585632,0.26208314559448087,0.7379168544055191,0.848306983173052,0.44885794153655634,0.1579581960980928,0.5555703467257666,0.3157894736842105,0.28421052631578947,0.21052631578947367,0.18947368421052632,0.2609237839401306,recover,recovery_maneuver,1
187,0.45081967265188966,0.3921475279864932,0.30082422765313666,0.6991757723468633,0.8919128705178132,0.4590313613545884,0.15420174166386397,0.5518572825004588,0.3157894736842105,0.28421052631578947,0.21052631578947367,0.18947368421052632,0.26327098549852557,recover,recovery_maneuver,1
188,0.4336980812651585,0.40080019161147784,0.19310902265727983,0.8068909773427202,0.890552747748282,0.4856907075076188,0.13881389391642437,0.5086827829087641,0.3157894736842105,0.28421052631578947,0.21052631578947367,0.18947368421052632,0.2763362568889926,recover,recovery_maneuver,1
189,0.4181662280843321,0.3521063401424982,0.28433576985191616,0.7156642301480838,0.9207558986971569,0.47683897541083703,0.12549779489173854,0.5144797701399253,0.3157894736842105,0.28421052631578947,0.21052631578947367,0.18947368421052632,0.26324907084952726,recover,recovery_maneuver,1
190,0.4449270522402527,0.364524288401115,0.2874837837388299,0.7125162162611701,0.8704109889468636,0.46507746865491606,0.13776299715643597,0.5410458040625697,0.3157894736842105,0.28421052631578947,0.21052631578947367,0.18947368421052632,0.26075464831064554,recover,recovery_maneuver,1
191,0.47638714810409527,0.3511998616024108,0.20550518062469614,0.7944948193753039,0.8793038926869227,0.4059735194754797,0.114715548070727,0.4972653825431726,0.3157894736842105,0.28421052631578947,0.21052631578947367,0.18947368421052632,0.2894613203865184,recover,recovery_maneuver,1
192,0.458017753229811,0.3851439736676096,0.2515978380909995,0.7484021619090004,0.8776070193753417,0.4549632505033806,0.12995765692439146,0.5564686656445295,0.3157894736842105,0.28421052631578947,0.21052631578947367,0.18947368421052632,0.26989061172570805,recover,recovery_maneuver,1
193,0.4179961685820078,0.40498168664377254,0.2555905180009101,0.7444094819990899,0.9012909013113006,0.4591348054177933,0.1276121757319702,0.5212517373577338,0.3157894736842105,0.28421052631578947,0.21052631578947367,0.18947368421052632,0.2725749008498104,recover,recovery_maneuver,1
194,0.44873748767056215,0.42114856331155726,0.23632425371589846,0.7636757462841015,0.8644755157046614,0.49465978875672856,0.12669796784358472,0.5047493978752661,0.3157894736842105,0.28421052631578947,0.21052631578947367,0.18947368421052632,0.2756072904649238,recover,recovery_maneuver,1
195,0.44813860239368636,0.39743093774486365,0.2606216415614981,0.7393783584385019,0.8682229991832823,0.49128296399824595,0.14012330858369376,0.5238547155337264,0.3157894736842105,0.28421052631578947,0.21052631578947367,0.18947368421052632,0.2666199243130283,recover,recovery_maneuver,1
196,0.409402312492557,0.42733878093819444,0.26272087047577586,0.7372791295242241,0.8707966663257772,0.47611109359187753,0.13775220558894388,0.4979312126451583,0.3157894736842105,0.28421052631578947,0.21052631578947367,0.18947368421052632,0.27036192624311467,recover,recovery_maneuver,1
197,0.42732969010620614,0.3750294638133601,0.3464566660148572,0.6535433339851429,0.8582217314720714,0.5490246953805935,0.13769042403029655,0.5272753971931966,0.3157894736842105,0.28421052631578947,0.21052631578947367,0.18947368421052632,0.24468580095715262,recover,recovery_maneuver,1
198,0.416058416142962,0.37096617018180383,0.3397691477150914,0.6602308522849085,0.8413887990524919,0.5282957079003524,0.15231035957704392,0.5781963682701438,0.3157894736842105,0.28421052631578947,0.21052631578947367,0.18947368421052632,0.23695581108371405,recover,recovery_maneuver,1
199,0.37644302207840535,0.40227953700983643,0.3632016101031739,0.6367983898968261,0.8501260016701426,0.5273292019400665,0.13721891981337947,0.5473764507528267,0.3157894736842105,0.28421052631578947,0.21052631578947367,0.18947368421052632,0.2388635461743921,recover,recovery_maneuver,1
200,0.4038746439095158,0.4117312619038024,0.36547360109429433,0.6345263989057057,0.8638595409763911,0.47848988479683385,0.14101367096609613,0.5261746644747163,0.3157894736842105,0.28421052631578947,0.21052631578947367,0.18947368421052632,0.2525173018361108,recover,recovery_maneuver,1
201,0.3985905830976894,0.40564575361379995,0.3358176712496285,0.6641823287503714,0.8183241501261905,0.5572341995293925,0.11576066410057449,0.5677054274820994,0.3157894736842105,0.28421052631578947,0.21052631578947367,0.18947368421052632,0.23922800206597622,recover,recovery_maneuver,1
202,0.4012689951181299,0.3703064640463961,0.36768954783739094,0.6323104521626091,0.8384032474485332,0.500166132761331,0.11915856507532849,0.5874185827810892,0.3157894736842105,0.28421052631578947,0.21052631578947367,0.18947368421052632,0.23742447365665312,recover,recovery_maneuver,1
203,0.39040760837901134,0.40706624737393804,0.40945312891896324,0.5905468710810368,0.8191345941688954,0.5130529326248199,0.14404813436517866,0.5843365300729522,0.3157894736842105,0.28421052631578947,0.21052631578947367,0.18947368421052632,0.23132887248543116,recover,recovery_maneuver,1
204,0.3200118595805789,0.3861989008254611,0.3822268297891629,0.6177731702108371,0.8549989765009685,0.5791143466680857,0.15201353783083454,0.6025379180034734,0.3157894736842105,0.28421052631578947,0.21052631578947367,0.18947368421052632,0.21548736097025742,recover,recovery_maneuver,1
205,0.32218870912926695,0.42259774237584297,0.4447966412346694,0.5552033587653307,0.7992074970274906,0.6238187590400797,0.16337696069003332,0.5821536040954729,0.3157894736842105,0.28421052631578947,0.21052631578947367,0.18947368421052632,0.20687715031284676,recover,recovery_maneuver,1
206,0.35073374597424256,0.4178596046273407,0.43329260847321077,0.5667073915267893,0.8177013085670811,0.5902917219744046,0.16796628354417442,0.5549831139840867,0.3157894736842105,0.28421052631578947,0.21052631578947367,0.18947368421052632,0.21777142803721994,recover,recovery_maneuver,1
207,0.34419574451385626,0.39491181254077967,0.43994962459602516,0.5600503754039748,0.8362694023020854,0.5801398611164051,0.1534686013075512,0.6168124440398638,0.3157894736842105,0.28421052631578947,0.21052631578947367,0.18947368421052632,0.21157396641782683,recover,recovery_maneuver,1
208,0.339180997244227,0.4030002168040477,0.4744257709200285,0.5255742290799714,0.8604983907712056,0.5936330458915781,0.1820294576882135,0.5791713242982015,0.28301886792452824,0.25471698113207547,0.29245283018867924,0.16981132075471697,0.21168103396217097,recover,recovery_maneuver,1
209,0.41918336514617016,0.3934562280070308,0.4721131506681822,0.5278868493318178,0.828913448245158,0.5671480095163192,0.17460977399817107,0.5662565705044391,0.28301886792452824,0.25471698113207547,0.29245283018867924,0.16981132075471697,0.22270124694473376,recover,recovery_maneuver,1
210,0.33539901432162517,0.411519778938161,0.4531759805862129,0.5468240194137871,0.82068531754228,0.5912254029615324,0.1984159202268687,0.6182148948764601,0.28301886792452824,0.25471698113207547,0.29245283018867924,0.16981132075471697,0.20724959038177257,recover,recovery_maneuver,1
211,0.34951844214141126,0.4298225808176621,0.48914583306471293,0.5108541669352871,0.871420809895977,0.5887711041984206,0.20394700108880637,0.5872247722514169,0.28301886792452824,0.25471698113207547,0.29245283018867924,0.16981132075471697,0.21251824755577672,recover,recovery_maneuver,1
212,0.34670549963477726,0.39472816802779903,0.42791528377337357,0.5720847162266265,0.8072082842708719,0.5670604208173978,0.167721956592992,0.6006511300833712,0.3157894736842105,0.28421052631578947,0.21052631578947367,0.18947368421052632,0.2119758328482304,recover,recovery_maneuver,1
213,0.3425174229546268,0.42124823457406285,0.46209861178722994,0.5379013882127701,0.7948322325845604,0.576588258746964,0.15441385800899604,0.6384769420272842,0.28301886792452824,0.25471698113207547,0.29245283018867924,0.16981132075471697,0.20954828218688068,recover,recovery_maneuver,1
214,0.3232554236738696,0.40220214244798885,0.450531689405385,0.549468310594615,0.850418699518833,0.5677617170140526,0.14646748279570912,0.5766436154827783,0.28301886792452824,0.25471698113207547,0.29245283018867924,0.16981132075471697,0.2178381014208813,recover,recovery_maneuver,1
215,0.3563749948490934,0.39691840533499717,0.4145699891063516,0.5854300108936483,0.834457714405949,0.5521877470877751,0.13446616078907536,0.5978933246976628,0.3157894736842105,0.28421052631578947,0.21052631578947367,0.18947368421052632,0.22179627303380195,recover,recovery_maneuver,1
216,0.3254986699908168,0.40858396522164586,0.41509019570165634,0.5849098042983436,0.826927114183096,0.5386661453725028,0.1335875012423208,0.589133939961409,0.3157894736842105,0.28421052631578947,0.21052631578947367,0.18947368421052632,0.22054280014075608,recover,recovery_maneuver,1
217,0.3472421772744266,0.39107900162604703,0.35877916435192053,0.6412208356480795,0.8642520924444665,0.5410871919460271,0.10721659751325438,0.5729156635788781,0.3157894736842105,0.28421052631578947,0.21052631578947367,0.18947368421052632,0.23390353472438474,recover,recovery_maneuver,1
218,0.35005137070773557,0.3988386014372556,0.395258554528565,0.604741445471435,0.8574901681484851,0.5356685766514848,0.12040662728125753,0.6027257061418972,0.3157894736842105,0.28421052631578947,0.21052631578947367,0.18947368421052632,0.22741379043649018,recover,recovery_maneuver,1
219,0.3736848820602434,0.38622725439391353,0.3491025792633366,0.6508974207366633,0.8435839098399909,0.5098479624714913,0.12242272582866298,0.5745506639705612,0.3157894736842105,0.28421052631578947,0.21052631578947367,0.18947368421052632,0.23773722790074403,recover,recovery_maneuver,1
220,0.4391429623448075,0.44203857378917744,0.32215140171127304,0.677848598288727,0.8311710119537806,0.4994522175773431,0.12626169135293502,0.5423045039121772,0.3157894736842105,0.28421052631578947,0.21052631578947367,0.18947368421052632,0.26037543741339736,recover,recovery_maneuver,1
221,0.3441904077543264,0.4060983120437686,0.3432835767693615,0.6567164232306385,0.8757493570307257,0.5641144307737544,0.1345402743709506,0.5814065930279918,0.3157894736842105,0.28421052631578947,0.21052631578947367,0.18947368421052632,0.2317028359544523,recover,recovery_maneuver,1
222,0.4173749437010503,0.39156999833039663,0.28199322282729594,0.7180067771727041,0.8724035503427949,0.5081650516063773,0.12764412473833914,0.5255411585045356,0.3157894736842105,0.28421052631578947,0.21052631578947367,0.18947368421052632,0.25888804623899575,recover,recovery_maneuver,1
223,0.368819979590642,0.40663541857121915,0.24793174554951217,0.7520682544504879,0.8580696611242953,0.47091755546618286,0.12271324297710932,0.525782367241712,0.3157894736842105,0.28421052631578947,0.21052631578947367,0.18947368421052632,0.26089830966270366,recover,recovery_maneuver,1
224,0.4056863833468871,0.399303510840717,0.228989206593289,0.771010793406711,0.8971848781028643,0.46130241397976934,0.1520597875389388,0.49960329019383265,0.3157894736842105,0.28421052631578947,0.21052631578947367,0.18947368421052632,0.2716129244640689,recover,recovery_maneuver,1
225,0.452370895373071,0.3958180443614785,0.26918803276702363,0.7308119672329764,0.838597553799446,0.4911731116274684,0.16420845019075184,0.4886104463062254,0.3157894736842105,0.28421052631578947,0.21052631578947367,0.18947368421052632,0.26497157573590024,recover,recovery_maneuver,1
226,0.4336544099497493,0.4092543816468225,0.20961474385045217,0.7903852561495478,0.8287974399705568,0.44460326916755044,0.1635237148107953,0.5652347072365094,0.3157894736842105,0.28421052631578947,0.21052631578947367,0.18947368421052632,0.2653447439797086,recover,recovery_maneuver,1
227,0.41119632791035554,0.4101773617508989,0.2745611120957608,0.7254388879042393,0.8443625876927922,0.4875615545647619,0.16419509649271735,0.514431434618428,0.3157894736842105,0.28421052631578947,0.21052631578947367,0.18947368421052632,0.258120089495299,recover,recovery_maneuver,1
228,0.4255258887546852,0.38527993703460117,0.16915876837560567,0.8308412316243943,0.8557959575957795,0.4623319059358554,0.13776622791814191,0.5145804006116627,0.3157894736842105,0.28421052631578947,0.21052631578947367,0.18947368421052632,0.27471880816966804,recover,recovery_maneuver,1
229,0.4648521235607384,0.3826995557337575,0.2555148915331798,0.7444851084668203,0.8597313681455128,0.44769075814999154,0.13967127582480138,0.5142085863661721,0.3157894736842105,0.28421052631578947,0.21052631578947367,0.18947368421052632,0.27369664422809414,recover,recovery_maneuver,1
230,0.4332720253891037,0.38630172361796034,0.21155635909483844,0.7884436409051616,0.8478868132398903,0.46495142437311615,0.12786707072108397,0.5309418976977528,0.3157894736842105,0.28421052631578947,0.21052631578947367,0.18947368421052632,0.26992411018539886,recover,recovery_maneuver,1
231,0.4598734280312806,0.3479636853393585,0.1982013578847622,0.8017986421152378,0.8573324615858346,0.42466007296270963,0.12624515336364908,0.5371977933529986,0.3157894736842105,0.28421052631578947,0.21052631578947367,0.18947368421052632,0.2755418572481421,recover,recovery_maneuver,1
232,0.4578519243939816,0.3602316224104873,0.1823639943451568,0.8176360056548432,0.8226174299850666,0.4335481293296153,0.12672707235804684,0.5423031771742002,0.3157894736842105,0.28421052631578947,0.21052631578947367,0.18947368421052632,0.2734569584151179,recover,recovery_maneuver,1
233,0.4420586895135878,0.4101804600645142,0.20222807792891692,0.797771922071083,0.8737017946798119,0.4624867577366557,0.11807993235476469,0.4973899061797364,0.3157894736842105,0.28421052631578947,0.21052631578947367,0.18947368421052632,0.28377424626183756,recover,recovery_maneuver,1
234,0.5130378486621249,0.41322609840809327,0.18833483012163824,0.8116651698783618,0.8402267632701199,0.3966388759437467,0.11869744578799693,0.49003000317656953,0.3157894736842105,0.28421052631578947,0.21052631578947367,0.18947368421052632,0.3039508990613717,recover,recovery_maneuver,1
235,0.4759016671252931,0.37714545923222104,0.21452371103450862,0.7854762889654914,0.8611659885093054,0.4557334993067186,0.14604168353487235,0.5167961573689394,0.3157894736842105,0.28421052631578947,0.21052631578947367,0.18947368421052632,0.2766039345223331,recover,recovery_maneuver,1
236,0.40963066738912973,0.3899919672272648,0.1879888164985347,0.8120111835014653,0.8425716897181693,0.4641432872909815,0.14402138388278327,0.5238941445148297,0.3157894736842105,0.28421052631578947,0.21052631578947367,0.18947368421052632,0.26771858075818156,recover,recovery_maneuver,1
237,0.4647802918645004,0.3831793820306336,0.187508962317686,0.812491037682314,0.8417334150685378,0.4533311762126581,0.13613130926607164,0.5461063504948288,0.3157894736842105,0.28421052631578947,0.21052631578947367,0.18947368421052632,0.27449989144044423,recover,recovery_maneuver,1
238,0.4431457690294874,0.43093924636083347,0.1736190970874156,0.8263809029125844,0.840893297038228,0.4511931732499317,0.1375015799525174,0.5178886744280908,0.3157894736842105,0.28421052631578947,0.21052631578947367,0.18947368421052632,0.28278980519767144,recover,recovery_maneuver,1
239,0.4803359972494058,0.3935960843668687,0.1805101808078865,0.8194898191921135,0.8354015492368625,0.45979010664327863,0.16531808368634354,0.5222317577974309,0.3157894736842105,0.28421052631578947,0.21052631578947367,0.18947368421052632,0.27678895666506376,recover,recovery_maneuver,1
